trip_id,trip_duration_minutes,started_at,ended_at,start_station_name,end_station_name,rider_type,bike_id
100000,10.0,2025-06-01 00:07:12,2025-06-01 00:17:12,Union Station,Kensington Market,Annual Member,5100
100001,19.1,2025-06-01 00:15:54,2025-06-01 00:35:00,Harbourfront Centre,Bloor-Yonge,Casual,5101
100002,37.1,2025-06-01 01:00:49,2025-06-01 01:37:55,Harbourfront Centre,Bloor-Yonge,Annual Member,5102
100003,28.5,2025-06-01 01:47:30,2025-06-01 02:16:00,Kensington Market,High Park,Casual,5103
100004,5.5,2025-06-01 02:17:58,2025-06-01 02:23:28,Kensington Market,High Park,Annual Member,5104
100005,36.0,2025-06-01 02:03:12,2025-06-01 02:39:12,Bloor-Yonge,Riverdale Park,Casual,5105
100006,8.9,2025-06-01 03:17:01,2025-06-01 03:25:55,Bloor-Yonge,Riverdale Park,Annual Member,5106
100007,17.8,2025-06-01 03:55:16,2025-06-01 04:13:04,High Park,Union Station,Casual,5107
100008,19.4,2025-06-01 04:00:40,2025-06-01 04:20:04,High Park,Union Station,Annual Member,5108
100009,26.2,2025-06-01 04:51:08,2025-06-01 05:17:20,Riverdale Park,Harbourfront Centre,Casual,5109
100010,13.9,2025-06-01 05:17:54,2025-06-01 05:31:48,Riverdale Park,Harbourfront Centre,Annual Member,5110
100011,28.0,2025-06-01 05:29:34,2025-06-01 05:57:34,Union Station,Kensington Market,Casual,5111
100012,24.6,2025-06-01 06:13:27,2025-06-01 06:38:03,Union Station,Kensington Market,Annual Member,5112
100013,14.7,2025-06-01 06:38:12,2025-06-01 06:52:54,Harbourfront Centre,Bloor-Yonge,Casual,5113
100014,19.4,2025-06-01 07:25:07,2025-06-01 07:44:31,Harbourfront Centre,Bloor-Yonge,Annual Member,5114
100015,26.8,2025-06-01 07:57:24,2025-06-01 08:24:12,Kensington Market,High Park,Casual,5115
100016,19.0,2025-06-01 07:41:43,2025-06-01 08:00:43,Bloor-Yonge,Riverdale Park,Annual Member,5116
100017,31.2,2025-06-01 07:38:32,2025-06-01 08:09:44,High Park,Union Station,Casual,5117
100018,16.9,2025-06-01 07:08:54,2025-06-01 07:25:48,Riverdale Park,Harbourfront Centre,Annual Member,5118
100019,26.1,2025-06-01 07:43:19,2025-06-01 08:09:25,Union Station,Kensington Market,Casual,5119
100020,53.3,2025-06-01 08:22:49,2025-06-01 09:16:07,Kensington Market,High Park,Annual Member,5120
100021,34.5,2025-06-01 08:20:28,2025-06-01 08:54:58,Bloor-Yonge,Riverdale Park,Casual,5121
100022,15.5,2025-06-01 08:54:03,2025-06-01 09:09:33,High Park,Union Station,Annual Member,5122
100023,30.8,2025-06-01 08:43:14,2025-06-01 09:14:02,Riverdale Park,Harbourfront Centre,Casual,5123
100024,14.9,2025-06-01 08:59:23,2025-06-01 09:14:17,Union Station,Kensington Market,Annual Member,5124
100025,12.9,2025-06-01 08:23:10,2025-06-01 08:36:04,Harbourfront Centre,Bloor-Yonge,Casual,5125
100026,17.9,2025-06-01 08:00:18,2025-06-01 08:18:12,Kensington Market,High Park,Annual Member,5126
100027,13.5,2025-06-01 08:57:23,2025-06-01 09:10:53,Bloor-Yonge,Riverdale Park,Casual,5127
100028,24.0,2025-06-01 08:53:41,2025-06-01 09:17:41,High Park,Union Station,Annual Member,5128
100029,21.2,2025-06-01 09:56:20,2025-06-01 10:17:32,Bloor-Yonge,Riverdale Park,Annual Member,5129
100030,27.5,2025-06-01 09:23:32,2025-06-01 09:51:02,High Park,Union Station,Casual,5130
100031,15.0,2025-06-01 09:47:54,2025-06-01 10:02:54,Riverdale Park,Harbourfront Centre,Annual Member,5131
100032,25.2,2025-06-01 09:42:21,2025-06-01 10:07:33,Union Station,Kensington Market,Casual,5132
100033,21.3,2025-06-01 09:08:44,2025-06-01 09:30:02,Harbourfront Centre,Bloor-Yonge,Annual Member,5133
100034,17.9,2025-06-01 09:48:27,2025-06-01 10:06:21,Kensington Market,High Park,Casual,5134
100035,15.1,2025-06-01 10:08:26,2025-06-01 10:23:32,High Park,Union Station,Annual Member,5135
100036,27.0,2025-06-01 10:10:29,2025-06-01 10:37:29,Riverdale Park,Harbourfront Centre,Casual,5136
100037,30.7,2025-06-01 10:11:26,2025-06-01 10:42:08,Union Station,Kensington Market,Annual Member,5137
100038,23.8,2025-06-01 10:48:52,2025-06-01 11:12:40,Harbourfront Centre,Bloor-Yonge,Casual,5138
100039,10.3,2025-06-01 11:55:24,2025-06-01 12:05:42,Riverdale Park,Harbourfront Centre,Annual Member,5139
100040,28.0,2025-06-01 11:29:23,2025-06-01 11:57:23,Union Station,Kensington Market,Casual,5140
100041,29.0,2025-06-01 11:48:50,2025-06-01 12:17:50,Harbourfront Centre,Bloor-Yonge,Annual Member,5141
100042,17.6,2025-06-01 11:44:04,2025-06-01 12:01:40,Kensington Market,High Park,Casual,5142
100043,19.4,2025-06-01 11:46:48,2025-06-01 12:06:12,Bloor-Yonge,Riverdale Park,Annual Member,5143
100044,38.4,2025-06-01 11:00:54,2025-06-01 11:39:18,High Park,Union Station,Casual,5144
100045,11.6,2025-06-01 11:30:26,2025-06-01 11:42:02,Riverdale Park,Harbourfront Centre,Annual Member,5145
100046,13.7,2025-06-01 12:13:15,2025-06-01 12:26:57,Union Station,Kensington Market,Annual Member,5146
100047,12.5,2025-06-01 12:49:47,2025-06-01 13:02:17,Harbourfront Centre,Bloor-Yonge,Casual,5147
100048,18.0,2025-06-01 12:14:46,2025-06-01 12:32:46,Kensington Market,High Park,Annual Member,5148
100049,14.5,2025-06-01 12:37:59,2025-06-01 12:52:29,Bloor-Yonge,Riverdale Park,Casual,5149
100050,15.8,2025-06-01 12:41:24,2025-06-01 12:57:12,High Park,Union Station,Annual Member,5150
100051,52.7,2025-06-01 12:02:33,2025-06-01 12:55:15,Riverdale Park,Harbourfront Centre,Casual,5151
100052,13.0,2025-06-01 12:41:16,2025-06-01 12:54:16,Union Station,Kensington Market,Annual Member,5152
100053,19.2,2025-06-01 13:27:55,2025-06-01 13:47:07,Harbourfront Centre,Bloor-Yonge,Annual Member,5153
100054,21.5,2025-06-01 13:36:26,2025-06-01 13:57:56,Kensington Market,High Park,Casual,5154
100055,13.0,2025-06-01 13:25:25,2025-06-01 13:38:25,Bloor-Yonge,Riverdale Park,Annual Member,5155
100056,25.2,2025-06-01 13:38:19,2025-06-01 14:03:31,High Park,Union Station,Casual,5156
100057,24.9,2025-06-01 13:25:02,2025-06-01 13:49:56,Riverdale Park,Harbourfront Centre,Annual Member,5157
100058,28.8,2025-06-01 13:07:08,2025-06-01 13:35:56,Union Station,Kensington Market,Casual,5158
100059,29.1,2025-06-01 13:54:10,2025-06-01 14:23:16,Harbourfront Centre,Bloor-Yonge,Annual Member,5159
100060,20.6,2025-06-01 14:01:36,2025-06-01 14:22:12,Kensington Market,High Park,Annual Member,5160
100061,22.1,2025-06-01 14:33:50,2025-06-01 14:55:56,Bloor-Yonge,Riverdale Park,Casual,5161
100062,26.3,2025-06-01 14:49:21,2025-06-01 15:15:39,High Park,Union Station,Annual Member,5162
100063,17.7,2025-06-01 14:13:43,2025-06-01 14:31:25,Riverdale Park,Harbourfront Centre,Casual,5163
100064,29.1,2025-06-01 14:49:12,2025-06-01 15:18:18,Union Station,Kensington Market,Annual Member,5164
100065,29.4,2025-06-01 14:23:36,2025-06-01 14:53:00,Harbourfront Centre,Bloor-Yonge,Casual,5165
100066,20.0,2025-06-01 14:19:22,2025-06-01 14:39:22,Kensington Market,High Park,Annual Member,5166
100067,26.8,2025-06-01 15:26:00,2025-06-01 15:52:48,Bloor-Yonge,Riverdale Park,Annual Member,5167
100068,25.6,2025-06-01 15:29:46,2025-06-01 15:55:22,High Park,Union Station,Casual,5168
100069,9.3,2025-06-01 15:03:08,2025-06-01 15:12:26,Riverdale Park,Harbourfront Centre,Annual Member,5169
100070,30.8,2025-06-01 15:15:11,2025-06-01 15:45:59,Union Station,Kensington Market,Casual,5170
100071,34.9,2025-06-01 15:21:52,2025-06-01 15:56:46,Harbourfront Centre,Bloor-Yonge,Annual Member,5171
100072,24.9,2025-06-01 15:35:11,2025-06-01 16:00:05,Kensington Market,High Park,Casual,5172
100073,8.4,2025-06-01 15:35:45,2025-06-01 15:44:09,Bloor-Yonge,Riverdale Park,Annual Member,5173
100074,13.8,2025-06-01 16:06:07,2025-06-01 16:19:55,High Park,Union Station,Annual Member,5174
100075,22.9,2025-06-01 16:04:25,2025-06-01 16:27:19,Riverdale Park,Harbourfront Centre,Casual,5175
100076,18.8,2025-06-01 16:34:12,2025-06-01 16:53:00,Union Station,Kensington Market,Annual Member,5176
100077,11.4,2025-06-01 16:19:11,2025-06-01 16:30:35,Harbourfront Centre,Bloor-Yonge,Casual,5177
100078,12.6,2025-06-01 16:57:49,2025-06-01 17:10:25,Kensington Market,High Park,Annual Member,5178
100079,29.2,2025-06-01 16:39:55,2025-06-01 17:09:07,Bloor-Yonge,Riverdale Park,Casual,5179
100080,13.8,2025-06-01 16:17:40,2025-06-01 16:31:28,High Park,Union Station,Annual Member,5000
100081,32.4,2025-06-01 16:15:16,2025-06-01 16:47:40,Riverdale Park,Harbourfront Centre,Casual,5001
100082,15.4,2025-06-01 16:30:04,2025-06-01 16:45:28,Union Station,Kensington Market,Annual Member,5002
100083,9.1,2025-06-01 17:57:38,2025-06-01 18:06:44,Riverdale Park,Harbourfront Centre,Annual Member,5003
100084,43.1,2025-06-01 17:28:12,2025-06-01 18:11:18,Union Station,Kensington Market,Casual,5004
100085,12.9,2025-06-01 17:35:53,2025-06-01 17:48:47,Harbourfront Centre,Bloor-Yonge,Annual Member,5005
100086,36.4,2025-06-01 17:20:45,2025-06-01 17:57:09,Kensington Market,High Park,Casual,5006
100087,48.5,2025-06-01 17:46:35,2025-06-01 18:35:05,Bloor-Yonge,Riverdale Park,Annual Member,5007
100088,26.7,2025-06-01 17:04:53,2025-06-01 17:31:35,High Park,Union Station,Casual,5008
100089,15.9,2025-06-01 17:34:24,2025-06-01 17:50:18,Riverdale Park,Harbourfront Centre,Annual Member,5009
100090,44.2,2025-06-01 17:54:35,2025-06-01 18:38:47,Union Station,Kensington Market,Casual,5010
100091,13.5,2025-06-01 17:44:00,2025-06-01 17:57:30,Harbourfront Centre,Bloor-Yonge,Annual Member,5011
100092,38.0,2025-06-01 17:41:47,2025-06-01 18:19:47,Kensington Market,High Park,Casual,5012
100093,13.7,2025-06-01 17:55:26,2025-06-01 18:09:08,Bloor-Yonge,Riverdale Park,Annual Member,5013
100094,30.8,2025-06-01 17:18:00,2025-06-01 17:48:48,High Park,Union Station,Casual,5014
100095,20.7,2025-06-01 18:31:12,2025-06-01 18:51:54,Union Station,Kensington Market,Annual Member,5015
100096,16.2,2025-06-01 18:23:40,2025-06-01 18:39:52,Harbourfront Centre,Bloor-Yonge,Casual,5016
100097,20.0,2025-06-01 18:27:41,2025-06-01 18:47:41,Kensington Market,High Park,Annual Member,5017
100098,44.1,2025-06-01 18:21:01,2025-06-01 19:05:07,Bloor-Yonge,Riverdale Park,Casual,5018
100099,21.9,2025-06-01 18:08:02,2025-06-01 18:29:56,High Park,Union Station,Annual Member,5019
100100,28.4,2025-06-01 18:26:34,2025-06-01 18:54:58,Riverdale Park,Harbourfront Centre,Casual,5020
100101,8.6,2025-06-01 18:32:45,2025-06-01 18:41:21,Union Station,Kensington Market,Annual Member,5021
100102,17.8,2025-06-01 18:43:23,2025-06-01 19:01:11,Harbourfront Centre,Bloor-Yonge,Casual,5022
100103,16.5,2025-06-01 18:44:53,2025-06-01 19:01:23,Kensington Market,High Park,Annual Member,5023
100104,11.1,2025-06-01 19:17:57,2025-06-01 19:29:03,Harbourfront Centre,Bloor-Yonge,Annual Member,5024
100105,33.9,2025-06-01 19:04:12,2025-06-01 19:38:06,Kensington Market,High Park,Casual,5025
100106,10.0,2025-06-01 19:58:42,2025-06-01 20:08:42,Bloor-Yonge,Riverdale Park,Annual Member,5026
100107,21.0,2025-06-01 19:33:19,2025-06-01 19:54:19,High Park,Union Station,Casual,5027
100108,35.8,2025-06-01 19:48:58,2025-06-01 20:24:46,Riverdale Park,Harbourfront Centre,Annual Member,5028
100109,16.6,2025-06-01 19:25:53,2025-06-01 19:42:29,Union Station,Kensington Market,Casual,5029
100110,18.3,2025-06-01 20:07:02,2025-06-01 20:25:20,Kensington Market,High Park,Annual Member,5030
100111,25.9,2025-06-01 20:43:27,2025-06-01 21:09:21,Bloor-Yonge,Riverdale Park,Casual,5031
100112,7.7,2025-06-01 21:23:22,2025-06-01 21:31:04,Bloor-Yonge,Riverdale Park,Annual Member,5032
100113,30.2,2025-06-01 21:20:18,2025-06-01 21:50:30,High Park,Union Station,Casual,5033
100114,13.6,2025-06-01 22:09:50,2025-06-01 22:23:26,High Park,Union Station,Annual Member,5034
100115,22.8,2025-06-01 22:38:02,2025-06-01 23:00:50,Riverdale Park,Harbourfront Centre,Casual,5035
100116,21.1,2025-06-01 23:55:11,2025-06-02 00:16:17,Riverdale Park,Harbourfront Centre,Annual Member,5036
100117,35.4,2025-06-01 23:53:09,2025-06-02 00:28:33,Union Station,Kensington Market,Casual,5037
100118,21.4,2025-06-02 00:13:59,2025-06-02 00:35:23,Harbourfront Centre,Bloor-Yonge,Annual Member,5038
100119,33.5,2025-06-02 00:11:02,2025-06-02 00:44:32,Kensington Market,High Park,Casual,5039
100120,10.8,2025-06-02 01:51:56,2025-06-02 02:02:44,Kensington Market,High Park,Annual Member,5040
100121,46.0,2025-06-02 01:10:23,2025-06-02 01:56:23,Bloor-Yonge,Riverdale Park,Casual,5041
100122,24.1,2025-06-02 02:55:07,2025-06-02 03:19:13,Bloor-Yonge,Riverdale Park,Annual Member,5042
100123,28.5,2025-06-02 02:53:25,2025-06-02 03:21:55,High Park,Union Station,Casual,5043
100124,24.1,2025-06-02 03:31:21,2025-06-02 03:55:27,High Park,Union Station,Annual Member,5044
100125,24.7,2025-06-02 03:29:50,2025-06-02 03:54:32,Riverdale Park,Harbourfront Centre,Casual,5045
100126,36.7,2025-06-02 04:32:18,2025-06-02 05:09:00,Riverdale Park,Harbourfront Centre,Annual Member,5046
100127,15.5,2025-06-02 04:10:38,2025-06-02 04:26:08,Union Station,Kensington Market,Casual,5047
100128,14.1,2025-06-02 05:09:45,2025-06-02 05:23:51,Union Station,Kensington Market,Annual Member,5048
100129,25.2,2025-06-02 05:09:14,2025-06-02 05:34:26,Harbourfront Centre,Bloor-Yonge,Casual,5049
100130,30.7,2025-06-02 06:18:31,2025-06-02 06:49:13,Harbourfront Centre,Bloor-Yonge,Annual Member,5050
100131,24.0,2025-06-02 06:02:02,2025-06-02 06:26:02,Kensington Market,High Park,Casual,5051
100132,21.5,2025-06-02 07:36:00,2025-06-02 07:57:30,Kensington Market,High Park,Annual Member,5052
100133,20.8,2025-06-02 07:45:25,2025-06-02 08:06:13,Bloor-Yonge,Riverdale Park,Casual,5053
100134,17.7,2025-06-02 07:33:36,2025-06-02 07:51:18,High Park,Union Station,Annual Member,5054
100135,26.9,2025-06-02 07:14:46,2025-06-02 07:41:40,Riverdale Park,Harbourfront Centre,Casual,5055
100136,13.0,2025-06-02 07:50:26,2025-06-02 08:03:26,Union Station,Kensington Market,Annual Member,5056
100137,14.1,2025-06-02 07:28:53,2025-06-02 07:42:59,Harbourfront Centre,Bloor-Yonge,Casual,5057
100138,9.4,2025-06-02 08:51:46,2025-06-02 09:01:10,Bloor-Yonge,Riverdale Park,Annual Member,5058
100139,22.4,2025-06-02 08:12:37,2025-06-02 08:35:01,High Park,Union Station,Casual,5059
100140,20.2,2025-06-02 08:52:59,2025-06-02 09:13:11,Riverdale Park,Harbourfront Centre,Annual Member,5060
100141,63.0,2025-06-02 08:40:31,2025-06-02 09:43:31,Union Station,Kensington Market,Casual,5061
100142,21.5,2025-06-02 08:01:23,2025-06-02 08:22:53,Harbourfront Centre,Bloor-Yonge,Annual Member,5062
100143,28.1,2025-06-02 08:24:12,2025-06-02 08:52:18,Kensington Market,High Park,Casual,5063
100144,17.3,2025-06-02 08:12:05,2025-06-02 08:29:23,Bloor-Yonge,Riverdale Park,Annual Member,5064
100145,8.2,2025-06-02 08:33:26,2025-06-02 08:41:38,High Park,Union Station,Casual,5065
100146,31.2,2025-06-02 08:40:33,2025-06-02 09:11:45,Riverdale Park,Harbourfront Centre,Annual Member,5066
100147,33.8,2025-06-02 09:28:46,2025-06-02 10:02:34,High Park,Union Station,Annual Member,5067
100148,24.3,2025-06-02 09:55:12,2025-06-02 10:19:30,Riverdale Park,Harbourfront Centre,Casual,5068
100149,28.2,2025-06-02 09:18:14,2025-06-02 09:46:26,Union Station,Kensington Market,Annual Member,5069
100150,43.2,2025-06-02 09:07:24,2025-06-02 09:50:36,Harbourfront Centre,Bloor-Yonge,Casual,5070
100151,14.3,2025-06-02 09:10:51,2025-06-02 09:25:09,Kensington Market,High Park,Annual Member,5071
100152,28.1,2025-06-02 09:51:10,2025-06-02 10:19:16,Bloor-Yonge,Riverdale Park,Casual,5072
100153,13.0,2025-06-02 10:26:15,2025-06-02 10:39:15,Riverdale Park,Harbourfront Centre,Annual Member,5073
100154,36.5,2025-06-02 10:05:19,2025-06-02 10:41:49,Union Station,Kensington Market,Casual,5074
100155,24.0,2025-06-02 10:46:45,2025-06-02 11:10:45,Harbourfront Centre,Bloor-Yonge,Annual Member,5075
100156,20.2,2025-06-02 10:30:09,2025-06-02 10:50:21,Kensington Market,High Park,Casual,5076
100157,11.4,2025-06-02 11:02:14,2025-06-02 11:13:38,Union Station,Kensington Market,Annual Member,5077
100158,35.0,2025-06-02 11:09:46,2025-06-02 11:44:46,Harbourfront Centre,Bloor-Yonge,Casual,5078
100159,13.8,2025-06-02 11:47:30,2025-06-02 12:01:18,Kensington Market,High Park,Annual Member,5079
100160,21.8,2025-06-02 11:47:01,2025-06-02 12:08:49,Bloor-Yonge,Riverdale Park,Casual,5080
100161,23.2,2025-06-02 12:35:16,2025-06-02 12:58:28,Harbourfront Centre,Bloor-Yonge,Annual Member,5081
100162,31.6,2025-06-02 12:05:45,2025-06-02 12:37:21,Kensington Market,High Park,Casual,5082
100163,17.7,2025-06-02 12:30:12,2025-06-02 12:47:54,Bloor-Yonge,Riverdale Park,Annual Member,5083
100164,19.6,2025-06-02 12:53:37,2025-06-02 13:13:13,High Park,Union Station,Casual,5084
100165,19.2,2025-06-02 13:07:07,2025-06-02 13:26:19,Kensington Market,High Park,Annual Member,5085
100166,35.4,2025-06-02 13:47:44,2025-06-02 14:23:08,Bloor-Yonge,Riverdale Park,Casual,5086
100167,18.2,2025-06-02 13:14:43,2025-06-02 13:32:55,High Park,Union Station,Annual Member,5087
100168,52.0,2025-06-02 13:24:08,2025-06-02 14:16:08,Riverdale Park,Harbourfront Centre,Casual,5088
100169,25.9,2025-06-02 14:27:07,2025-06-02 14:53:01,Bloor-Yonge,Riverdale Park,Annual Member,5089
100170,48.7,2025-06-02 14:53:49,2025-06-02 15:42:31,High Park,Union Station,Casual,5090
100171,15.1,2025-06-02 14:00:08,2025-06-02 14:15:14,Riverdale Park,Harbourfront Centre,Annual Member,5091
100172,40.9,2025-06-02 14:59:51,2025-06-02 15:40:45,Union Station,Kensington Market,Casual,5092
100173,20.8,2025-06-02 15:20:07,2025-06-02 15:40:55,High Park,Union Station,Annual Member,5093
100174,20.8,2025-06-02 15:38:59,2025-06-02 15:59:47,Riverdale Park,Harbourfront Centre,Casual,5094
100175,21.9,2025-06-02 15:38:23,2025-06-02 16:00:17,Union Station,Kensington Market,Annual Member,5095
100176,24.7,2025-06-02 15:45:26,2025-06-02 16:10:08,Harbourfront Centre,Bloor-Yonge,Casual,5096
100177,19.6,2025-06-02 16:07:51,2025-06-02 16:27:27,Riverdale Park,Harbourfront Centre,Annual Member,5097
100178,26.3,2025-06-02 16:03:37,2025-06-02 16:29:55,Union Station,Kensington Market,Casual,5098
100179,13.3,2025-06-02 16:41:01,2025-06-02 16:54:19,Harbourfront Centre,Bloor-Yonge,Annual Member,5099
100180,20.5,2025-06-02 16:56:04,2025-06-02 17:16:34,Kensington Market,High Park,Casual,5100
100181,23.4,2025-06-02 16:42:32,2025-06-02 17:05:56,Bloor-Yonge,Riverdale Park,Annual Member,5101
100182,38.3,2025-06-02 16:11:43,2025-06-02 16:50:01,High Park,Union Station,Casual,5102
100183,9.6,2025-06-02 17:51:11,2025-06-02 18:00:47,Union Station,Kensington Market,Annual Member,5103
100184,30.2,2025-06-02 17:31:50,2025-06-02 18:02:02,Harbourfront Centre,Bloor-Yonge,Casual,5104
100185,4.9,2025-06-02 17:57:34,2025-06-02 18:02:28,Kensington Market,High Park,Annual Member,5105
100186,38.8,2025-06-02 17:11:00,2025-06-02 17:49:48,Bloor-Yonge,Riverdale Park,Casual,5106
100187,31.4,2025-06-02 17:13:54,2025-06-02 17:45:18,High Park,Union Station,Annual Member,5107
100188,22.2,2025-06-02 17:36:14,2025-06-02 17:58:26,Riverdale Park,Harbourfront Centre,Casual,5108
100189,13.4,2025-06-02 17:29:44,2025-06-02 17:43:08,Union Station,Kensington Market,Annual Member,5109
100190,36.5,2025-06-02 17:36:55,2025-06-02 18:13:25,Harbourfront Centre,Bloor-Yonge,Casual,5110
100191,11.7,2025-06-02 17:11:51,2025-06-02 17:23:33,Kensington Market,High Park,Annual Member,5111
100192,13.6,2025-06-02 18:27:08,2025-06-02 18:40:44,Harbourfront Centre,Bloor-Yonge,Annual Member,5112
100193,44.0,2025-06-02 18:11:55,2025-06-02 18:55:55,Kensington Market,High Park,Casual,5113
100194,11.0,2025-06-02 18:27:02,2025-06-02 18:38:02,Bloor-Yonge,Riverdale Park,Annual Member,5114
100195,34.1,2025-06-02 18:55:38,2025-06-02 19:29:44,High Park,Union Station,Casual,5115
100196,16.0,2025-06-02 18:34:27,2025-06-02 18:50:27,Riverdale Park,Harbourfront Centre,Annual Member,5116
100197,31.5,2025-06-02 18:33:38,2025-06-02 19:05:08,Union Station,Kensington Market,Casual,5117
100198,12.1,2025-06-02 18:53:16,2025-06-02 19:05:22,Harbourfront Centre,Bloor-Yonge,Annual Member,5118
100199,27.1,2025-06-02 18:00:13,2025-06-02 18:27:19,Kensington Market,High Park,Casual,5119
100200,21.6,2025-06-02 18:43:26,2025-06-02 19:05:02,Bloor-Yonge,Riverdale Park,Annual Member,5120
100201,22.8,2025-06-02 19:32:50,2025-06-02 19:55:38,Kensington Market,High Park,Annual Member,5121
100202,38.4,2025-06-02 19:22:47,2025-06-02 20:01:11,Bloor-Yonge,Riverdale Park,Casual,5122
100203,23.3,2025-06-02 19:05:08,2025-06-02 19:28:26,High Park,Union Station,Annual Member,5123
100204,40.0,2025-06-02 19:27:47,2025-06-02 20:07:47,Riverdale Park,Harbourfront Centre,Casual,5124
100205,19.7,2025-06-02 19:51:05,2025-06-02 20:10:47,Union Station,Kensington Market,Annual Member,5125
100206,22.4,2025-06-02 19:10:31,2025-06-02 19:32:55,Harbourfront Centre,Bloor-Yonge,Casual,5126
100207,32.9,2025-06-02 20:30:29,2025-06-02 21:03:23,Bloor-Yonge,Riverdale Park,Annual Member,5127
100208,26.9,2025-06-02 20:17:08,2025-06-02 20:44:02,High Park,Union Station,Casual,5128
100209,14.5,2025-06-02 21:04:35,2025-06-02 21:19:05,High Park,Union Station,Annual Member,5129
100210,28.6,2025-06-02 21:21:19,2025-06-02 21:49:55,Riverdale Park,Harbourfront Centre,Casual,5130
100211,10.2,2025-06-02 22:34:06,2025-06-02 22:44:18,Riverdale Park,Harbourfront Centre,Annual Member,5131
100212,20.6,2025-06-02 22:54:04,2025-06-02 23:14:40,Union Station,Kensington Market,Casual,5132
100213,20.4,2025-06-02 23:58:00,2025-06-03 00:18:24,Union Station,Kensington Market,Annual Member,5133
100214,29.2,2025-06-02 23:15:08,2025-06-02 23:44:20,Harbourfront Centre,Bloor-Yonge,Casual,5134
100215,14.1,2025-06-03 00:44:13,2025-06-03 00:58:19,Kensington Market,High Park,Annual Member,5135
100216,28.0,2025-06-03 00:28:17,2025-06-03 00:56:17,Bloor-Yonge,Riverdale Park,Casual,5136
100217,14.8,2025-06-03 01:13:09,2025-06-03 01:27:57,Bloor-Yonge,Riverdale Park,Annual Member,5137
100218,23.2,2025-06-03 01:45:24,2025-06-03 02:08:36,High Park,Union Station,Casual,5138
100219,10.4,2025-06-03 02:31:09,2025-06-03 02:41:33,High Park,Union Station,Annual Member,5139
100220,27.5,2025-06-03 02:32:51,2025-06-03 03:00:21,Riverdale Park,Harbourfront Centre,Casual,5140
100221,12.7,2025-06-03 03:29:56,2025-06-03 03:42:38,Riverdale Park,Harbourfront Centre,Annual Member,5141
100222,33.9,2025-06-03 03:52:09,2025-06-03 04:26:03,Union Station,Kensington Market,Casual,5142
100223,20.6,2025-06-03 04:52:36,2025-06-03 05:13:12,Union Station,Kensington Market,Annual Member,5143
100224,52.2,2025-06-03 04:02:19,2025-06-03 04:54:31,Harbourfront Centre,Bloor-Yonge,Casual,5144
100225,29.0,2025-06-03 05:50:07,2025-06-03 06:19:07,Harbourfront Centre,Bloor-Yonge,Annual Member,5145
100226,45.1,2025-06-03 05:14:33,2025-06-03 05:59:39,Kensington Market,High Park,Casual,5146
100227,18.6,2025-06-03 06:32:07,2025-06-03 06:50:43,Kensington Market,High Park,Annual Member,5147
100228,26.2,2025-06-03 06:50:14,2025-06-03 07:16:26,Bloor-Yonge,Riverdale Park,Casual,5148
100229,10.6,2025-06-03 07:04:07,2025-06-03 07:14:43,Bloor-Yonge,Riverdale Park,Annual Member,5149
100230,23.3,2025-06-03 07:30:03,2025-06-03 07:53:21,High Park,Union Station,Casual,5150
100231,14.9,2025-06-03 07:25:42,2025-06-03 07:40:36,Riverdale Park,Harbourfront Centre,Annual Member,5151
100232,40.5,2025-06-03 07:13:16,2025-06-03 07:53:46,Union Station,Kensington Market,Casual,5152
100233,24.8,2025-06-03 07:38:24,2025-06-03 08:03:12,Harbourfront Centre,Bloor-Yonge,Annual Member,5153
100234,34.6,2025-06-03 07:39:25,2025-06-03 08:14:01,Kensington Market,High Park,Casual,5154
100235,26.8,2025-06-03 08:23:04,2025-06-03 08:49:52,High Park,Union Station,Annual Member,5155
100236,30.1,2025-06-03 08:22:58,2025-06-03 08:53:04,Riverdale Park,Harbourfront Centre,Casual,5156
100237,15.8,2025-06-03 08:31:07,2025-06-03 08:46:55,Union Station,Kensington Market,Annual Member,5157
100238,46.4,2025-06-03 08:44:16,2025-06-03 09:30:40,Harbourfront Centre,Bloor-Yonge,Casual,5158
100239,15.9,2025-06-03 08:33:33,2025-06-03 08:49:27,Kensington Market,High Park,Annual Member,5159
100240,90.2,2025-06-03 08:23:23,2025-06-03 09:53:35,Bloor-Yonge,Riverdale Park,Casual,5160
100241,7.6,2025-06-03 08:43:26,2025-06-03 08:51:02,High Park,Union Station,Annual Member,5161
100242,44.7,2025-06-03 08:03:30,2025-06-03 08:48:12,Riverdale Park,Harbourfront Centre,Casual,5162
100243,12.7,2025-06-03 08:52:43,2025-06-03 09:05:25,Union Station,Kensington Market,Annual Member,5163
100244,16.1,2025-06-03 09:18:46,2025-06-03 09:34:52,Riverdale Park,Harbourfront Centre,Annual Member,5164
100245,24.4,2025-06-03 09:41:58,2025-06-03 10:06:22,Union Station,Kensington Market,Casual,5165
100246,21.1,2025-06-03 09:57:57,2025-06-03 10:19:03,Harbourfront Centre,Bloor-Yonge,Annual Member,5166
100247,23.3,2025-06-03 09:25:05,2025-06-03 09:48:23,Kensington Market,High Park,Casual,5167
100248,12.2,2025-06-03 09:34:21,2025-06-03 09:46:33,Bloor-Yonge,Riverdale Park,Annual Member,5168
100249,85.7,2025-06-03 09:58:34,2025-06-03 11:24:16,High Park,Union Station,Casual,5169
100250,18.5,2025-06-03 10:36:24,2025-06-03 10:54:54,Union Station,Kensington Market,Annual Member,5170
100251,38.0,2025-06-03 10:19:38,2025-06-03 10:57:38,Harbourfront Centre,Bloor-Yonge,Casual,5171
100252,14.0,2025-06-03 10:41:57,2025-06-03 10:55:57,Kensington Market,High Park,Annual Member,5172
100253,30.2,2025-06-03 10:20:24,2025-06-03 10:50:36,Bloor-Yonge,Riverdale Park,Casual,5173
100254,24.4,2025-06-03 11:24:06,2025-06-03 11:48:30,Harbourfront Centre,Bloor-Yonge,Annual Member,5174
100255,28.2,2025-06-03 11:59:05,2025-06-03 12:27:17,Kensington Market,High Park,Casual,5175
100256,19.4,2025-06-03 11:27:29,2025-06-03 11:46:53,Bloor-Yonge,Riverdale Park,Annual Member,5176
100257,24.0,2025-06-03 11:43:06,2025-06-03 12:07:06,High Park,Union Station,Casual,5177
100258,21.7,2025-06-03 12:18:29,2025-06-03 12:40:11,Kensington Market,High Park,Annual Member,5178
100259,20.9,2025-06-03 12:25:01,2025-06-03 12:45:55,Bloor-Yonge,Riverdale Park,Casual,5179
100260,8.4,2025-06-03 12:52:24,2025-06-03 13:00:48,High Park,Union Station,Annual Member,5000
100261,49.2,2025-06-03 12:00:49,2025-06-03 12:50:01,Riverdale Park,Harbourfront Centre,Casual,5001
100262,11.3,2025-06-03 13:02:33,2025-06-03 13:13:51,Bloor-Yonge,Riverdale Park,Annual Member,5002
100263,14.3,2025-06-03 13:42:27,2025-06-03 13:56:45,High Park,Union Station,Casual,5003
100264,28.3,2025-06-03 13:55:02,2025-06-03 14:23:20,Riverdale Park,Harbourfront Centre,Annual Member,5004
100265,18.4,2025-06-03 13:52:00,2025-06-03 14:10:24,Union Station,Kensington Market,Casual,5005
100266,6.1,2025-06-03 14:21:25,2025-06-03 14:27:31,High Park,Union Station,Annual Member,5006
100267,30.3,2025-06-03 14:19:28,2025-06-03 14:49:46,Riverdale Park,Harbourfront Centre,Casual,5007
100268,11.0,2025-06-03 14:48:56,2025-06-03 14:59:56,Union Station,Kensington Market,Annual Member,5008
100269,31.4,2025-06-03 14:22:47,2025-06-03 14:54:11,Harbourfront Centre,Bloor-Yonge,Casual,5009
100270,35.5,2025-06-03 15:18:03,2025-06-03 15:53:33,Riverdale Park,Harbourfront Centre,Annual Member,5010
100271,12.4,2025-06-03 15:22:57,2025-06-03 15:35:21,Union Station,Kensington Market,Casual,5011
100272,8.7,2025-06-03 15:30:28,2025-06-03 15:39:10,Harbourfront Centre,Bloor-Yonge,Annual Member,5012
100273,18.5,2025-06-03 15:37:40,2025-06-03 15:56:10,Kensington Market,High Park,Casual,5013
100274,17.2,2025-06-03 16:31:32,2025-06-03 16:48:44,Union Station,Kensington Market,Annual Member,5014
100275,24.2,2025-06-03 16:47:09,2025-06-03 17:11:21,Harbourfront Centre,Bloor-Yonge,Casual,5015
100276,9.5,2025-06-03 16:30:53,2025-06-03 16:40:23,Kensington Market,High Park,Annual Member,5016
100277,39.4,2025-06-03 16:42:57,2025-06-03 17:22:21,Bloor-Yonge,Riverdale Park,Casual,5017
100278,12.3,2025-06-03 16:37:30,2025-06-03 16:49:48,High Park,Union Station,Annual Member,5018
100279,18.8,2025-06-03 16:09:33,2025-06-03 16:28:21,Riverdale Park,Harbourfront Centre,Casual,5019
100280,19.4,2025-06-03 17:56:09,2025-06-03 18:15:33,Harbourfront Centre,Bloor-Yonge,Annual Member,5020
100281,45.6,2025-06-03 17:58:00,2025-06-03 18:43:36,Kensington Market,High Park,Casual,5021
100282,22.0,2025-06-03 17:59:41,2025-06-03 18:21:41,Bloor-Yonge,Riverdale Park,Annual Member,5022
100283,35.6,2025-06-03 17:28:29,2025-06-03 18:04:05,High Park,Union Station,Casual,5023
100284,18.6,2025-06-03 17:40:18,2025-06-03 17:58:54,Riverdale Park,Harbourfront Centre,Annual Member,5024
100285,13.7,2025-06-03 17:11:34,2025-06-03 17:25:16,Union Station,Kensington Market,Casual,5025
100286,25.2,2025-06-03 17:42:30,2025-06-03 18:07:42,Harbourfront Centre,Bloor-Yonge,Annual Member,5026
100287,20.9,2025-06-03 17:49:24,2025-06-03 18:10:18,Kensington Market,High Park,Casual,5027
100288,13.5,2025-06-03 17:05:52,2025-06-03 17:19:22,Bloor-Yonge,Riverdale Park,Annual Member,5028
100289,22.4,2025-06-03 18:58:50,2025-06-03 19:21:14,Kensington Market,High Park,Annual Member,5029
100290,32.9,2025-06-03 18:11:41,2025-06-03 18:44:35,Bloor-Yonge,Riverdale Park,Casual,5030
100291,13.2,2025-06-03 18:27:05,2025-06-03 18:40:17,High Park,Union Station,Annual Member,5031
100292,36.9,2025-06-03 18:02:20,2025-06-03 18:39:14,Riverdale Park,Harbourfront Centre,Casual,5032
100293,9.3,2025-06-03 18:34:57,2025-06-03 18:44:15,Union Station,Kensington Market,Annual Member,5033
100294,24.8,2025-06-03 18:46:09,2025-06-03 19:10:57,Harbourfront Centre,Bloor-Yonge,Casual,5034
100295,30.4,2025-06-03 18:23:30,2025-06-03 18:53:54,Kensington Market,High Park,Annual Member,5035
100296,29.6,2025-06-03 18:58:37,2025-06-03 19:28:13,Bloor-Yonge,Riverdale Park,Casual,5036
100297,15.2,2025-06-03 18:34:17,2025-06-03 18:49:29,High Park,Union Station,Annual Member,5037
100298,12.1,2025-06-03 19:31:24,2025-06-03 19:43:30,Bloor-Yonge,Riverdale Park,Annual Member,5038
100299,26.4,2025-06-03 19:17:59,2025-06-03 19:44:23,High Park,Union Station,Casual,5039
100300,19.3,2025-06-03 19:59:52,2025-06-03 20:19:10,Riverdale Park,Harbourfront Centre,Annual Member,5040
100301,20.1,2025-06-03 19:27:35,2025-06-03 19:47:41,Union Station,Kensington Market,Casual,5041
100302,17.4,2025-06-03 19:07:38,2025-06-03 19:25:02,Harbourfront Centre,Bloor-Yonge,Annual Member,5042
100303,27.9,2025-06-03 19:44:55,2025-06-03 20:12:49,Kensington Market,High Park,Casual,5043
100304,27.0,2025-06-03 20:45:13,2025-06-03 21:12:13,High Park,Union Station,Annual Member,5044
100305,65.2,2025-06-03 20:44:11,2025-06-03 21:49:23,Riverdale Park,Harbourfront Centre,Casual,5045
100306,16.8,2025-06-03 21:08:16,2025-06-03 21:25:04,Riverdale Park,Harbourfront Centre,Annual Member,5046
100307,27.5,2025-06-03 21:15:26,2025-06-03 21:42:56,Union Station,Kensington Market,Casual,5047
100308,8.4,2025-06-03 22:59:32,2025-06-03 23:07:56,Union Station,Kensington Market,Annual Member,5048
100309,28.0,2025-06-03 22:32:14,2025-06-03 23:00:14,Harbourfront Centre,Bloor-Yonge,Casual,5049
100310,15.0,2025-06-03 23:00:17,2025-06-03 23:15:17,Harbourfront Centre,Bloor-Yonge,Annual Member,5050
100311,16.8,2025-06-03 23:41:29,2025-06-03 23:58:17,Kensington Market,High Park,Casual,5051
100312,22.2,2025-06-04 00:03:04,2025-06-04 00:25:16,Bloor-Yonge,Riverdale Park,Annual Member,5052
100313,41.0,2025-06-04 00:35:54,2025-06-04 01:16:54,High Park,Union Station,Casual,5053
100314,16.3,2025-06-04 01:47:47,2025-06-04 02:04:05,High Park,Union Station,Annual Member,5054
100315,31.2,2025-06-04 01:57:55,2025-06-04 02:29:07,Riverdale Park,Harbourfront Centre,Casual,5055
100316,825,2025-06-04 02:04:04,2025-06-04 15:49:04,Riverdale Park,Harbourfront Centre,Annual Member,5056
100317,72.5,2025-06-04 02:04:19,2025-06-04 03:16:49,Union Station,Kensington Market,Casual,5057
100318,27.1,2025-06-04 03:05:49,2025-06-04 03:32:55,Union Station,Kensington Market,Annual Member,5058
100319,19.5,2025-06-04 03:58:16,2025-06-04 04:17:46,Harbourfront Centre,Bloor-Yonge,Casual,5059
100320,16.9,2025-06-04 04:35:16,2025-06-04 04:52:10,Harbourfront Centre,Bloor-Yonge,Annual Member,5060
100321,35.9,2025-06-04 04:56:09,2025-06-04 05:32:03,Kensington Market,High Park,Casual,5061
100322,25.7,2025-06-04 05:06:27,2025-06-04 05:32:09,Kensington Market,High Park,Annual Member,5062
100323,17.1,2025-06-04 05:18:18,2025-06-04 05:35:24,Bloor-Yonge,Riverdale Park,Casual,5063
100324,15.5,2025-06-04 06:07:36,2025-06-04 06:23:06,Bloor-Yonge,Riverdale Park,Annual Member,5064
100325,28.3,2025-06-04 06:28:04,2025-06-04 06:56:22,High Park,Union Station,Casual,5065
100326,13.2,2025-06-04 07:51:44,2025-06-04 08:04:56,High Park,Union Station,Annual Member,5066
100327,36.1,2025-06-04 07:44:52,2025-06-04 08:20:58,Riverdale Park,Harbourfront Centre,Casual,5067
100328,34.8,2025-06-04 07:05:49,2025-06-04 07:40:37,Union Station,Kensington Market,Annual Member,5068
100329,31.4,2025-06-04 07:14:49,2025-06-04 07:46:13,Harbourfront Centre,Bloor-Yonge,Casual,5069
100330,18.9,2025-06-04 07:02:34,2025-06-04 07:21:28,Kensington Market,High Park,Annual Member,5070
100331,19.8,2025-06-04 07:43:27,2025-06-04 08:03:15,Bloor-Yonge,Riverdale Park,Casual,5071
100332,57.4,2025-06-04 08:25:44,2025-06-04 09:23:08,Riverdale Park,Harbourfront Centre,Annual Member,5072
100333,13.5,2025-06-04 08:01:49,2025-06-04 08:15:19,Union Station,Kensington Market,Casual,5073
100334,22.7,2025-06-04 08:35:48,2025-06-04 08:58:30,Harbourfront Centre,Bloor-Yonge,Annual Member,5074
100335,27.9,2025-06-04 08:48:07,2025-06-04 09:16:01,Kensington Market,High Park,Casual,5075
100336,13.9,2025-06-04 08:39:06,2025-06-04 08:53:00,Bloor-Yonge,Riverdale Park,Annual Member,5076
100337,31.2,2025-06-04 08:05:00,2025-06-04 08:36:12,High Park,Union Station,Casual,5077
100338,27.6,2025-06-04 08:15:40,2025-06-04 08:43:16,Riverdale Park,Harbourfront Centre,Annual Member,5078
100339,29.5,2025-06-04 08:46:15,2025-06-04 09:15:45,Union Station,Kensington Market,Casual,5079
100340,16.9,2025-06-04 08:34:38,2025-06-04 08:51:32,Harbourfront Centre,Bloor-Yonge,Annual Member,5080
100341,30.0,2025-06-04 09:02:03,2025-06-04 09:32:03,Union Station,Kensington Market,Annual Member,5081
100342,36.3,2025-06-04 09:06:27,2025-06-04 09:42:45,Harbourfront Centre,Bloor-Yonge,Casual,5082
100343,23.3,2025-06-04 09:04:06,2025-06-04 09:27:24,Kensington Market,High Park,Annual Member,5083
100344,28.6,2025-06-04 09:15:50,2025-06-04 09:44:26,Bloor-Yonge,Riverdale Park,Casual,5084
100345,33.3,2025-06-04 09:35:22,2025-06-04 10:08:40,High Park,Union Station,Annual Member,5085
100346,42.4,2025-06-04 09:37:23,2025-06-04 10:19:47,Riverdale Park,Harbourfront Centre,Casual,5086
100347,17.1,2025-06-04 10:34:19,2025-06-04 10:51:25,Harbourfront Centre,Bloor-Yonge,Annual Member,5087
100348,44.1,2025-06-04 10:10:26,2025-06-04 10:54:32,Kensington Market,High Park,Casual,5088
100349,9.7,2025-06-04 10:38:58,2025-06-04 10:48:40,Bloor-Yonge,Riverdale Park,Annual Member,5089
100350,38.4,2025-06-04 10:51:12,2025-06-04 11:29:36,High Park,Union Station,Casual,5090
100351,19.8,2025-06-04 11:02:39,2025-06-04 11:22:27,Kensington Market,High Park,Annual Member,5091
100352,41.6,2025-06-04 11:46:49,2025-06-04 12:28:25,Bloor-Yonge,Riverdale Park,Casual,5092
100353,6.9,2025-06-04 11:46:15,2025-06-04 11:53:09,High Park,Union Station,Annual Member,5093
100354,36.1,2025-06-04 11:54:59,2025-06-04 12:31:05,Riverdale Park,Harbourfront Centre,Casual,5094
100355,10.1,2025-06-04 12:51:41,2025-06-04 13:01:47,Bloor-Yonge,Riverdale Park,Annual Member,5095
100356,38.7,2025-06-04 12:09:45,2025-06-04 12:48:27,High Park,Union Station,Casual,5096
100357,15.3,2025-06-04 12:37:55,2025-06-04 12:53:13,Riverdale Park,Harbourfront Centre,Annual Member,5097
100358,31.2,2025-06-04 12:48:55,2025-06-04 13:20:07,Union Station,Kensington Market,Casual,5098
100359,9.4,2025-06-04 13:25:05,2025-06-04 13:34:29,High Park,Union Station,Annual Member,5099
100360,34.7,2025-06-04 13:27:18,2025-06-04 14:02:00,Riverdale Park,Harbourfront Centre,Casual,5100
100361,15.7,2025-06-04 13:41:17,2025-06-04 13:56:59,Union Station,Kensington Market,Annual Member,5101
100362,43.9,2025-06-04 13:37:20,2025-06-04 14:21:14,Harbourfront Centre,Bloor-Yonge,Casual,5102
100363,18.4,2025-06-04 14:46:37,2025-06-04 15:05:01,Riverdale Park,Harbourfront Centre,Annual Member,5103
100364,31.0,2025-06-04 14:26:29,2025-06-04 14:57:29,Union Station,Kensington Market,Casual,5104
100365,18.6,2025-06-04 14:13:11,2025-06-04 14:31:47,Harbourfront Centre,Bloor-Yonge,Annual Member,5105
100366,15.0,2025-06-04 14:32:15,2025-06-04 14:47:15,Kensington Market,High Park,Casual,5106
100367,8.5,2025-06-04 15:22:15,2025-06-04 15:30:45,Union Station,Kensington Market,Annual Member,5107
100368,43.6,2025-06-04 15:51:03,2025-06-04 16:34:39,Harbourfront Centre,Bloor-Yonge,Casual,5108
100369,7.9,2025-06-04 15:48:13,2025-06-04 15:56:07,Kensington Market,High Park,Annual Member,5109
100370,40.6,2025-06-04 15:30:32,2025-06-04 16:11:08,Bloor-Yonge,Riverdale Park,Casual,5110
100371,27.9,2025-06-04 16:29:52,2025-06-04 16:57:46,Harbourfront Centre,Bloor-Yonge,Annual Member,5111
100372,14.7,2025-06-04 16:30:09,2025-06-04 16:44:51,Kensington Market,High Park,Casual,5112
100373,13.1,2025-06-04 16:53:47,2025-06-04 17:06:53,Bloor-Yonge,Riverdale Park,Annual Member,5113
100374,34.0,2025-06-04 16:42:17,2025-06-04 17:16:17,High Park,Union Station,Casual,5114
100375,10.8,2025-06-04 16:40:23,2025-06-04 16:51:11,Riverdale Park,Harbourfront Centre,Annual Member,5115
100376,46.2,2025-06-04 16:39:44,2025-06-04 17:25:56,Union Station,Kensington Market,Casual,5116
100377,27.5,2025-06-04 17:52:35,2025-06-04 18:20:05,Kensington Market,High Park,Annual Member,5117
100378,35.6,2025-06-04 17:22:51,2025-06-04 17:58:27,Bloor-Yonge,Riverdale Park,Casual,5118
100379,27.0,2025-06-04 17:41:27,2025-06-04 18:08:27,High Park,Union Station,Annual Member,5119
100380,28.7,2025-06-04 17:14:28,2025-06-04 17:43:10,Riverdale Park,Harbourfront Centre,Casual,5120
100381,22.1,2025-06-04 17:27:31,2025-06-04 17:49:37,Union Station,Kensington Market,Annual Member,5121
100382,82.5,2025-06-04 17:35:41,2025-06-04 18:58:11,Harbourfront Centre,Bloor-Yonge,Casual,5122
100383,17.8,2025-06-04 17:07:24,2025-06-04 17:25:12,Kensington Market,High Park,Annual Member,5123
100384,53.2,2025-06-04 17:54:01,2025-06-04 18:47:13,Bloor-Yonge,Riverdale Park,Casual,5124
100385,11.6,2025-06-04 17:56:01,2025-06-04 18:07:37,High Park,Union Station,Annual Member,5125
100386,8.4,2025-06-04 18:55:21,2025-06-04 19:03:45,Bloor-Yonge,Riverdale Park,Annual Member,5126
100387,24.0,2025-06-04 18:11:47,2025-06-04 18:35:47,High Park,Union Station,Casual,5127
100388,14.6,2025-06-04 18:02:56,2025-06-04 18:17:32,Riverdale Park,Harbourfront Centre,Annual Member,5128
100389,25.7,2025-06-04 18:21:58,2025-06-04 18:47:40,Union Station,Kensington Market,Casual,5129
100390,15.6,2025-06-04 18:28:33,2025-06-04 18:44:09,Harbourfront Centre,Bloor-Yonge,Annual Member,5130
100391,70.9,2025-06-04 18:00:56,2025-06-04 19:11:50,Kensington Market,High Park,Casual,5131
100392,31.0,2025-06-04 18:03:38,2025-06-04 18:34:38,Bloor-Yonge,Riverdale Park,Annual Member,5132
100393,49.7,2025-06-04 18:32:30,2025-06-04 19:22:12,High Park,Union Station,Casual,5133
100394,13.8,2025-06-04 18:40:20,2025-06-04 18:54:08,Riverdale Park,Harbourfront Centre,Annual Member,5134
100395,11.3,2025-06-04 19:05:14,2025-06-04 19:16:32,High Park,Union Station,Annual Member,5135
100396,22.1,2025-06-04 19:36:55,2025-06-04 19:59:01,Riverdale Park,Harbourfront Centre,Casual,5136
100397,12.9,2025-06-04 19:58:36,2025-06-04 20:11:30,Union Station,Kensington Market,Annual Member,5137
100398,31.5,2025-06-04 19:44:24,2025-06-04 20:15:54,Harbourfront Centre,Bloor-Yonge,Casual,5138
100399,7.5,2025-06-04 19:44:21,2025-06-04 19:51:51,Kensington Market,High Park,Annual Member,5139
100400,63.3,2025-06-04 19:25:29,2025-06-04 20:28:47,Bloor-Yonge,Riverdale Park,Casual,5140
100401,9.3,2025-06-04 20:37:45,2025-06-04 20:47:03,Riverdale Park,Harbourfront Centre,Annual Member,5141
100402,45.2,2025-06-04 20:56:47,2025-06-04 21:41:59,Union Station,Kensington Market,Casual,5142
100403,26.2,2025-06-04 21:10:39,2025-06-04 21:36:51,Union Station,Kensington Market,Annual Member,5143
100404,38.7,2025-06-04 21:00:13,2025-06-04 21:38:55,Harbourfront Centre,Bloor-Yonge,Casual,5144
100405,27.3,2025-06-04 22:55:37,2025-06-04 23:22:55,Harbourfront Centre,Bloor-Yonge,Annual Member,5145
100406,34.3,2025-06-04 22:39:51,2025-06-04 23:14:09,Kensington Market,High Park,Casual,5146
100407,22.3,2025-06-04 23:21:05,2025-06-04 23:43:23,Kensington Market,High Park,Annual Member,5147
100408,27.6,2025-06-04 23:05:12,2025-06-04 23:32:48,Bloor-Yonge,Riverdale Park,Casual,5148
100409,7.8,2025-06-05 00:50:16,2025-06-05 00:58:04,High Park,Union Station,Annual Member,5149
100410,18.7,2025-06-05 00:58:49,2025-06-05 01:17:31,Riverdale Park,Harbourfront Centre,Casual,5150
100411,30.9,2025-06-05 01:24:06,2025-06-05 01:55:00,Riverdale Park,Harbourfront Centre,Annual Member,5151
100412,31.7,2025-06-05 01:33:54,2025-06-05 02:05:36,Union Station,Kensington Market,Casual,5152
100413,17.8,2025-06-05 02:08:45,2025-06-05 02:26:33,Union Station,Kensington Market,Annual Member,5153
100414,26.8,2025-06-05 02:43:58,2025-06-05 03:10:46,Harbourfront Centre,Bloor-Yonge,Casual,5154
100415,20.3,2025-06-05 03:29:46,2025-06-05 03:50:04,Harbourfront Centre,Bloor-Yonge,Annual Member,5155
100416,36.1,2025-06-05 03:39:25,2025-06-05 04:15:31,Kensington Market,High Park,Casual,5156
100417,15.0,2025-06-05 04:27:53,2025-06-05 04:42:53,Kensington Market,High Park,Annual Member,5157
100418,21.9,2025-06-05 04:34:28,2025-06-05 04:56:22,Bloor-Yonge,Riverdale Park,Casual,5158
100419,8.2,2025-06-05 05:04:46,2025-06-05 05:12:58,Bloor-Yonge,Riverdale Park,Annual Member,5159
100420,36.0,2025-06-05 05:33:45,2025-06-05 06:09:45,High Park,Union Station,Casual,5160
100421,26.4,2025-06-05 06:14:58,2025-06-05 06:41:22,High Park,Union Station,Annual Member,5161
100422,9.8,2025-06-05 06:40:05,2025-06-05 06:49:53,Riverdale Park,Harbourfront Centre,Casual,5162
100423,33.3,2025-06-05 07:03:11,2025-06-05 07:36:29,Riverdale Park,Harbourfront Centre,Annual Member,5163
100424,26.2,2025-06-05 07:44:30,2025-06-05 08:10:42,Union Station,Kensington Market,Casual,5164
100425,19.0,2025-06-05 07:52:02,2025-06-05 08:11:02,Harbourfront Centre,Bloor-Yonge,Annual Member,5165
100426,22.1,2025-06-05 07:49:08,2025-06-05 08:11:14,Kensington Market,High Park,Casual,5166
100427,14.9,2025-06-05 07:13:30,2025-06-05 07:28:24,Bloor-Yonge,Riverdale Park,Annual Member,5167
100428,53.0,2025-06-05 07:42:58,2025-06-05 08:35:58,High Park,Union Station,Casual,5168
100429,18.3,2025-06-05 08:17:01,2025-06-05 08:35:19,Union Station,Kensington Market,Annual Member,5169
100430,38.2,2025-06-05 08:36:38,2025-06-05 09:14:50,Harbourfront Centre,Bloor-Yonge,Casual,5170
100431,19.0,2025-06-05 08:35:48,2025-06-05 08:54:48,Kensington Market,High Park,Annual Member,5171
100432,18.8,2025-06-05 08:26:05,2025-06-05 08:44:53,Bloor-Yonge,Riverdale Park,Casual,5172
100433,33.4,2025-06-05 08:02:17,2025-06-05 08:35:41,High Park,Union Station,Annual Member,5173
100434,32.8,2025-06-05 08:11:42,2025-06-05 08:44:30,Riverdale Park,Harbourfront Centre,Casual,5174
100435,14.2,2025-06-05 08:27:04,2025-06-05 08:41:16,Union Station,Kensington Market,Annual Member,5175
100436,17.9,2025-06-05 08:27:41,2025-06-05 08:45:35,Harbourfront Centre,Bloor-Yonge,Casual,5176
100437,17.9,2025-06-05 08:33:36,2025-06-05 08:51:30,Kensington Market,High Park,Annual Member,5177
100438,30.9,2025-06-05 09:18:58,2025-06-05 09:49:52,Harbourfront Centre,Bloor-Yonge,Annual Member,5178
100439,36.2,2025-06-05 09:17:02,2025-06-05 09:53:14,Kensington Market,High Park,Casual,5179
100440,18.1,2025-06-05 09:50:42,2025-06-05 10:08:48,Bloor-Yonge,Riverdale Park,Annual Member,5000
100441,12.4,2025-06-05 09:50:21,2025-06-05 10:02:45,High Park,Union Station,Casual,5001
100442,20.7,2025-06-05 09:07:45,2025-06-05 09:28:27,Riverdale Park,Harbourfront Centre,Annual Member,5002
100443,29.3,2025-06-05 09:28:55,2025-06-05 09:58:13,Union Station,Kensington Market,Casual,5003
100444,26.1,2025-06-05 10:52:00,2025-06-05 11:18:06,Kensington Market,High Park,Annual Member,5004
100445,26.5,2025-06-05 10:33:27,2025-06-05 10:59:57,Bloor-Yonge,Riverdale Park,Casual,5005
100446,15.7,2025-06-05 10:03:03,2025-06-05 10:18:45,High Park,Union Station,Annual Member,5006
100447,14.2,2025-06-05 10:35:51,2025-06-05 10:50:03,Riverdale Park,Harbourfront Centre,Casual,5007
100448,40.5,2025-06-05 11:23:05,2025-06-05 12:03:35,Bloor-Yonge,Riverdale Park,Annual Member,5008
100449,27.5,2025-06-05 11:34:48,2025-06-05 12:02:18,High Park,Union Station,Casual,5009
100450,12.0,2025-06-05 11:53:50,2025-06-05 12:05:50,Riverdale Park,Harbourfront Centre,Annual Member,5010
100451,33.8,2025-06-05 11:28:59,2025-06-05 12:02:47,Union Station,Kensington Market,Casual,5011
100452,19.7,2025-06-05 12:06:41,2025-06-05 12:26:23,High Park,Union Station,Annual Member,5012
100453,29.9,2025-06-05 12:33:45,2025-06-05 13:03:39,Riverdale Park,Harbourfront Centre,Casual,5013
100454,19.3,2025-06-05 12:51:05,2025-06-05 13:10:23,Union Station,Kensington Market,Annual Member,5014
100455,21.7,2025-06-05 12:49:56,2025-06-05 13:11:38,Harbourfront Centre,Bloor-Yonge,Casual,5015
100456,6.9,2025-06-05 13:35:53,2025-06-05 13:42:47,Riverdale Park,Harbourfront Centre,Annual Member,5016
100457,35.8,2025-06-05 13:50:53,2025-06-05 14:26:41,Union Station,Kensington Market,Casual,5017
100458,17.0,2025-06-05 13:19:28,2025-06-05 13:36:28,Harbourfront Centre,Bloor-Yonge,Annual Member,5018
100459,19.4,2025-06-05 13:43:58,2025-06-05 14:03:22,Kensington Market,High Park,Casual,5019
100460,15.8,2025-06-05 14:30:26,2025-06-05 14:46:14,Union Station,Kensington Market,Annual Member,5020
100461,20.3,2025-06-05 14:36:08,2025-06-05 14:56:26,Harbourfront Centre,Bloor-Yonge,Casual,5021
100462,14.6,2025-06-05 14:18:55,2025-06-05 14:33:31,Kensington Market,High Park,Annual Member,5022
100463,18.3,2025-06-05 14:44:27,2025-06-05 15:02:45,Bloor-Yonge,Riverdale Park,Casual,5023
100464,11.2,2025-06-05 15:46:45,2025-06-05 15:57:57,Harbourfront Centre,Bloor-Yonge,Annual Member,5024
100465,19.6,2025-06-05 15:53:05,2025-06-05 16:12:41,Kensington Market,High Park,Casual,5025
100466,14.9,2025-06-05 15:15:22,2025-06-05 15:30:16,Bloor-Yonge,Riverdale Park,Annual Member,5026
100467,27.4,2025-06-05 15:23:37,2025-06-05 15:51:01,High Park,Union Station,Casual,5027
100468,12.6,2025-06-05 16:45:11,2025-06-05 16:57:47,Kensington Market,High Park,Annual Member,5028
100469,26.2,2025-06-05 16:37:45,2025-06-05 17:03:57,Bloor-Yonge,Riverdale Park,Casual,5029
100470,22.2,2025-06-05 16:19:25,2025-06-05 16:41:37,High Park,Union Station,Annual Member,5030
100471,43.7,2025-06-05 16:56:00,2025-06-05 17:39:42,Riverdale Park,Harbourfront Centre,Casual,5031
100472,53.0,2025-06-05 16:17:44,2025-06-05 17:10:44,Union Station,Kensington Market,Annual Member,5032
100473,21.4,2025-06-05 16:57:39,2025-06-05 17:19:03,Harbourfront Centre,Bloor-Yonge,Casual,5033
100474,5.2,2025-06-05 17:13:53,2025-06-05 17:19:05,Bloor-Yonge,Riverdale Park,Annual Member,5034
100475,79.5,2025-06-05 17:39:10,2025-06-05 18:58:40,High Park,Union Station,Casual,5035
100476,9.7,2025-06-05 17:12:55,2025-06-05 17:22:37,Riverdale Park,Harbourfront Centre,Annual Member,5036
100477,30.5,2025-06-05 17:21:35,2025-06-05 17:52:05,Union Station,Kensington Market,Casual,5037
100478,32.5,2025-06-05 17:03:32,2025-06-05 17:36:02,Harbourfront Centre,Bloor-Yonge,Annual Member,5038
100479,22.9,2025-06-05 17:35:15,2025-06-05 17:58:09,Kensington Market,High Park,Casual,5039
100480,20.9,2025-06-05 17:22:40,2025-06-05 17:43:34,Bloor-Yonge,Riverdale Park,Annual Member,5040
100481,21.3,2025-06-05 17:36:25,2025-06-05 17:57:43,High Park,Union Station,Casual,5041
100482,9.8,2025-06-05 17:34:14,2025-06-05 17:44:02,Riverdale Park,Harbourfront Centre,Annual Member,5042
100483,8.7,2025-06-05 18:12:28,2025-06-05 18:21:10,High Park,Union Station,Annual Member,5043
100484,24.3,2025-06-05 18:18:06,2025-06-05 18:42:24,Riverdale Park,Harbourfront Centre,Casual,5044
100485,15.2,2025-06-05 18:19:59,2025-06-05 18:35:11,Union Station,Kensington Market,Annual Member,5045
100486,34.5,2025-06-05 18:52:27,2025-06-05 19:26:57,Harbourfront Centre,Bloor-Yonge,Casual,5046
100487,9.7,2025-06-05 18:40:57,2025-06-05 18:50:39,Kensington Market,High Park,Annual Member,5047
100488,24.5,2025-06-05 18:43:34,2025-06-05 19:08:04,Bloor-Yonge,Riverdale Park,Casual,5048
100489,20.9,2025-06-05 18:44:29,2025-06-05 19:05:23,High Park,Union Station,Annual Member,5049
100490,30.0,2025-06-05 18:30:18,2025-06-05 19:00:18,Riverdale Park,Harbourfront Centre,Casual,5050
100491,27.6,2025-06-05 18:27:30,2025-06-05 18:55:06,Union Station,Kensington Market,Annual Member,5051
100492,15.2,2025-06-05 19:08:32,2025-06-05 19:23:44,Riverdale Park,Harbourfront Centre,Annual Member,5052
100493,43.5,2025-06-05 19:06:57,2025-06-05 19:50:27,Union Station,Kensington Market,Casual,5053
100494,19.2,2025-06-05 19:14:21,2025-06-05 19:33:33,Harbourfront Centre,Bloor-Yonge,Annual Member,5054
100495,32.2,2025-06-05 19:15:46,2025-06-05 19:47:58,Kensington Market,High Park,Casual,5055
100496,12.5,2025-06-05 19:56:07,2025-06-05 20:08:37,Bloor-Yonge,Riverdale Park,Annual Member,5056
100497,24.7,2025-06-05 19:26:23,2025-06-05 19:51:05,High Park,Union Station,Casual,5057
100498,23.9,2025-06-05 20:54:53,2025-06-05 21:18:47,Union Station,Kensington Market,Annual Member,5058
100499,26.3,2025-06-05 20:49:09,2025-06-05 21:15:27,Harbourfront Centre,Bloor-Yonge,Casual,5059
100500,17.8,2025-06-05 21:31:50,2025-06-05 21:49:38,Harbourfront Centre,Bloor-Yonge,Annual Member,5060
100501,29.2,2025-06-05 21:02:50,2025-06-05 21:32:02,Kensington Market,High Park,Casual,5061
100502,15.7,2025-06-05 22:10:07,2025-06-05 22:25:49,Kensington Market,High Park,Annual Member,5062
100503,29.4,2025-06-05 22:45:11,2025-06-05 23:14:35,Bloor-Yonge,Riverdale Park,Casual,5063
100504,27.4,2025-06-05 23:13:25,2025-06-05 23:40:49,Bloor-Yonge,Riverdale Park,Annual Member,5064
100505,55.5,2025-06-05 23:11:08,2025-06-06 00:06:38,High Park,Union Station,Casual,5065
100506,31.0,2025-06-06 00:36:56,2025-06-06 01:07:56,Riverdale Park,Harbourfront Centre,Annual Member,5066
100507,53.5,2025-06-06 00:29:41,2025-06-06 01:23:11,Union Station,Kensington Market,Casual,5067
100508,25.1,2025-06-06 01:48:45,2025-06-06 02:13:51,Union Station,Kensington Market,Annual Member,5068
100509,55.7,2025-06-06 01:42:23,2025-06-06 02:38:05,Harbourfront Centre,Bloor-Yonge,Casual,5069
100510,15.8,2025-06-06 02:16:54,2025-06-06 02:32:42,Harbourfront Centre,Bloor-Yonge,Annual Member,5070
100511,21.2,2025-06-06 02:59:26,2025-06-06 03:20:38,Kensington Market,High Park,Casual,5071
100512,12.6,2025-06-06 03:56:56,2025-06-06 04:09:32,Kensington Market,High Park,Annual Member,5072
100513,44.3,2025-06-06 03:34:12,2025-06-06 04:18:30,Bloor-Yonge,Riverdale Park,Casual,5073
100514,21.9,2025-06-06 04:40:07,2025-06-06 05:02:01,Bloor-Yonge,Riverdale Park,Annual Member,5074
100515,45.8,2025-06-06 04:18:36,2025-06-06 05:04:24,High Park,Union Station,Casual,5075
100516,18.7,2025-06-06 05:59:17,2025-06-06 06:17:59,High Park,Union Station,Annual Member,5076
100517,51.6,2025-06-06 05:18:58,2025-06-06 06:10:34,Riverdale Park,Harbourfront Centre,Casual,5077
100518,9.3,2025-06-06 06:47:40,2025-06-06 06:56:58,Riverdale Park,Harbourfront Centre,Annual Member,5078
100519,26.2,2025-06-06 06:53:02,2025-06-06 07:19:14,Union Station,Kensington Market,Casual,5079
100520,15.4,2025-06-06 07:32:01,2025-06-06 07:47:25,Union Station,Kensington Market,Annual Member,5080
100521,27.3,2025-06-06 07:50:14,2025-06-06 08:17:32,Harbourfront Centre,Bloor-Yonge,Casual,5081
100522,23.6,2025-06-06 07:18:00,2025-06-06 07:41:36,Kensington Market,High Park,Annual Member,5082
100523,16.3,2025-06-06 07:08:19,2025-06-06 07:24:37,Bloor-Yonge,Riverdale Park,Casual,5083
100524,12.1,2025-06-06 07:40:39,2025-06-06 07:52:45,High Park,Union Station,Annual Member,5084
100525,18.6,2025-06-06 07:29:23,2025-06-06 07:47:59,Riverdale Park,Harbourfront Centre,Casual,5085
100526,16.1,2025-06-06 08:43:56,2025-06-06 09:00:02,Harbourfront Centre,Bloor-Yonge,Annual Member,5086
100527,36.7,2025-06-06 08:48:15,2025-06-06 09:24:57,Kensington Market,High Park,Casual,5087
100528,10.5,2025-06-06 08:42:05,2025-06-06 08:52:35,Bloor-Yonge,Riverdale Park,Annual Member,5088
100529,13.6,2025-06-06 08:02:16,2025-06-06 08:15:52,High Park,Union Station,Casual,5089
100530,27.5,2025-06-06 08:13:41,2025-06-06 08:41:11,Riverdale Park,Harbourfront Centre,Annual Member,5090
100531,35.2,2025-06-06 08:42:37,2025-06-06 09:17:49,Union Station,Kensington Market,Casual,5091
100532,35.0,2025-06-06 08:31:18,2025-06-06 09:06:18,Harbourfront Centre,Bloor-Yonge,Annual Member,5092
100533,39.3,2025-06-06 08:09:53,2025-06-06 08:49:11,Kensington Market,High Park,Casual,5093
100534,28.3,2025-06-06 08:13:16,2025-06-06 08:41:34,Bloor-Yonge,Riverdale Park,Annual Member,5094
100535,22.4,2025-06-06 09:37:27,2025-06-06 09:59:51,Kensington Market,High Park,Annual Member,5095
100536,27.6,2025-06-06 09:51:18,2025-06-06 10:18:54,Bloor-Yonge,Riverdale Park,Casual,5096
100537,11.9,2025-06-06 09:53:51,2025-06-06 10:05:45,High Park,Union Station,Annual Member,5097
100538,26.1,2025-06-06 09:15:42,2025-06-06 09:41:48,Riverdale Park,Harbourfront Centre,Casual,5098
100539,18.6,2025-06-06 09:32:08,2025-06-06 09:50:44,Union Station,Kensington Market,Annual Member,5099
100540,67.0,2025-06-06 09:49:54,2025-06-06 10:56:54,Harbourfront Centre,Bloor-Yonge,Casual,5100
100541,32.8,2025-06-06 10:13:53,2025-06-06 10:46:41,Bloor-Yonge,Riverdale Park,Annual Member,5101
100542,27.0,2025-06-06 10:35:38,2025-06-06 11:02:38,High Park,Union Station,Casual,5102
100543,17.3,2025-06-06 10:35:41,2025-06-06 10:52:59,Riverdale Park,Harbourfront Centre,Annual Member,5103
100544,18.3,2025-06-06 10:40:27,2025-06-06 10:58:45,Union Station,Kensington Market,Casual,5104
100545,18.8,2025-06-06 11:42:32,2025-06-06 12:01:20,High Park,Union Station,Annual Member,5105
100546,31.8,2025-06-06 11:33:25,2025-06-06 12:05:13,Riverdale Park,Harbourfront Centre,Casual,5106
100547,21.9,2025-06-06 11:43:20,2025-06-06 12:05:14,Union Station,Kensington Market,Annual Member,5107
100548,31.5,2025-06-06 11:55:34,2025-06-06 12:27:04,Harbourfront Centre,Bloor-Yonge,Casual,5108
100549,22.9,2025-06-06 12:12:59,2025-06-06 12:35:53,Riverdale Park,Harbourfront Centre,Annual Member,5109
100550,19.2,2025-06-06 12:43:00,2025-06-06 13:02:12,Union Station,Kensington Market,Casual,5110
100551,20.4,2025-06-06 12:34:30,2025-06-06 12:54:54,Harbourfront Centre,Bloor-Yonge,Annual Member,5111
100552,30.6,2025-06-06 12:09:47,2025-06-06 12:40:23,Kensington Market,High Park,Casual,5112
100553,36.8,2025-06-06 13:31:07,2025-06-06 14:07:55,Union Station,Kensington Market,Annual Member,5113
100554,29.5,2025-06-06 13:31:54,2025-06-06 14:01:24,Harbourfront Centre,Bloor-Yonge,Casual,5114
100555,28.3,2025-06-06 13:16:39,2025-06-06 13:44:57,Kensington Market,High Park,Annual Member,5115
100556,31.3,2025-06-06 13:12:58,2025-06-06 13:44:16,Bloor-Yonge,Riverdale Park,Casual,5116
100557,24.1,2025-06-06 14:08:36,2025-06-06 14:32:42,Harbourfront Centre,Bloor-Yonge,Annual Member,5117
100558,22.0,2025-06-06 14:26:02,2025-06-06 14:48:02,Kensington Market,High Park,Casual,5118
100559,9.8,2025-06-06 14:13:31,2025-06-06 14:23:19,Bloor-Yonge,Riverdale Park,Annual Member,5119
100560,32.8,2025-06-06 14:50:47,2025-06-06 15:23:35,High Park,Union Station,Casual,5120
100561,17.4,2025-06-06 15:58:49,2025-06-06 16:16:13,Kensington Market,High Park,Annual Member,5121
100562,16.0,2025-06-06 15:17:17,2025-06-06 15:33:17,Bloor-Yonge,Riverdale Park,Casual,5122
100563,15.2,2025-06-06 15:47:39,2025-06-06 16:02:51,High Park,Union Station,Annual Member,5123
100564,33.2,2025-06-06 15:16:25,2025-06-06 15:49:37,Riverdale Park,Harbourfront Centre,Casual,5124
100565,13.7,2025-06-06 16:01:35,2025-06-06 16:15:17,Bloor-Yonge,Riverdale Park,Annual Member,5125
100566,21.1,2025-06-06 16:52:00,2025-06-06 17:13:06,High Park,Union Station,Casual,5126
100567,4.6,2025-06-06 16:44:12,2025-06-06 16:48:48,Riverdale Park,Harbourfront Centre,Annual Member,5127
100568,12.2,2025-06-06 16:49:52,2025-06-06 17:02:04,Union Station,Kensington Market,Casual,5128
100569,25.1,2025-06-06 16:03:59,2025-06-06 16:29:05,Harbourfront Centre,Bloor-Yonge,Annual Member,5129
100570,29.7,2025-06-06 16:48:28,2025-06-06 17:18:10,Kensington Market,High Park,Casual,5130
100571,27.3,2025-06-06 17:47:47,2025-06-06 18:15:05,High Park,Union Station,Annual Member,5131
100572,18.4,2025-06-06 17:43:08,2025-06-06 18:01:32,Riverdale Park,Harbourfront Centre,Casual,5132
100573,14.7,2025-06-06 17:51:22,2025-06-06 18:06:04,Union Station,Kensington Market,Annual Member,5133
100574,9.7,2025-06-06 17:38:35,2025-06-06 17:48:17,Harbourfront Centre,Bloor-Yonge,Casual,5134
100575,26.7,2025-06-06 17:25:24,2025-06-06 17:52:06,Kensington Market,High Park,Annual Member,5135
100576,24.7,2025-06-06 17:56:41,2025-06-06 18:21:23,Bloor-Yonge,Riverdale Park,Casual,5136
100577,20.4,2025-06-06 17:20:40,2025-06-06 17:41:04,High Park,Union Station,Annual Member,5137
100578,31.0,2025-06-06 17:13:41,2025-06-06 17:44:41,Riverdale Park,Harbourfront Centre,Casual,5138
100579,17.1,2025-06-06 17:04:05,2025-06-06 17:21:11,Union Station,Kensington Market,Annual Member,5139
100580,58.4,2025-06-06 18:34:05,2025-06-06 19:32:29,Riverdale Park,Harbourfront Centre,Annual Member,5140
100581,22.7,2025-06-06 18:29:33,2025-06-06 18:52:15,Union Station,Kensington Market,Casual,5141
100582,30.9,2025-06-06 18:59:15,2025-06-06 19:30:09,Harbourfront Centre,Bloor-Yonge,Annual Member,5142
100583,17.5,2025-06-06 18:48:43,2025-06-06 19:06:13,Kensington Market,High Park,Casual,5143
100584,15.7,2025-06-06 18:28:36,2025-06-06 18:44:18,Bloor-Yonge,Riverdale Park,Annual Member,5144
100585,21.7,2025-06-06 18:20:59,2025-06-06 18:42:41,High Park,Union Station,Casual,5145
100586,15.6,2025-06-06 18:43:39,2025-06-06 18:59:15,Riverdale Park,Harbourfront Centre,Annual Member,5146
100587,12.4,2025-06-06 18:20:58,2025-06-06 18:33:22,Union Station,Kensington Market,Casual,5147
100588,11.5,2025-06-06 18:42:11,2025-06-06 18:53:41,Harbourfront Centre,Bloor-Yonge,Annual Member,5148
100589,27.5,2025-06-06 19:13:55,2025-06-06 19:41:25,Union Station,Kensington Market,Annual Member,5149
100590,30.1,2025-06-06 19:52:09,2025-06-06 20:22:15,Harbourfront Centre,Bloor-Yonge,Casual,5150
100591,21.9,2025-06-06 19:43:26,2025-06-06 20:05:20,Kensington Market,High Park,Annual Member,5151
100592,46.9,2025-06-06 19:35:38,2025-06-06 20:22:32,Bloor-Yonge,Riverdale Park,Casual,5152
100593,12.9,2025-06-06 19:27:06,2025-06-06 19:40:00,High Park,Union Station,Annual Member,5153
100594,13.7,2025-06-06 19:20:04,2025-06-06 19:33:46,Riverdale Park,Harbourfront Centre,Casual,5154
100595,16.5,2025-06-06 20:12:35,2025-06-06 20:29:05,Harbourfront Centre,Bloor-Yonge,Annual Member,5155
100596,23.5,2025-06-06 20:28:54,2025-06-06 20:52:24,Kensington Market,High Park,Casual,5156
100597,25.2,2025-06-06 21:55:03,2025-06-06 22:20:15,Kensington Market,High Park,Annual Member,5157
100598,30.9,2025-06-06 21:39:53,2025-06-06 22:10:47,Bloor-Yonge,Riverdale Park,Casual,5158
100599,26.2,2025-06-06 22:41:27,2025-06-06 23:07:39,Bloor-Yonge,Riverdale Park,Annual Member,5159
100600,65.2,2025-06-06 22:35:07,2025-06-06 23:40:19,High Park,Union Station,Casual,5160
100601,11.6,2025-06-06 23:18:57,2025-06-06 23:30:33,High Park,Union Station,Annual Member,5161
100602,129.9,2025-06-06 23:58:58,2025-06-07 02:08:52,Riverdale Park,Harbourfront Centre,Casual,5162
100603,13.4,2025-06-07 00:28:25,2025-06-07 00:41:49,Union Station,Kensington Market,Annual Member,5163
100604,36.6,2025-06-07 00:38:33,2025-06-07 01:15:09,Harbourfront Centre,Bloor-Yonge,Casual,5164
100605,21.3,2025-06-07 01:59:52,2025-06-07 02:21:10,Harbourfront Centre,Bloor-Yonge,Annual Member,5165
100606,76.0,2025-06-07 01:57:33,2025-06-07 03:13:33,Kensington Market,High Park,Casual,5166
100607,11.9,2025-06-07 02:08:43,2025-06-07 02:20:37,Kensington Market,High Park,Annual Member,5167
100608,22.8,2025-06-07 02:45:23,2025-06-07 03:08:11,Bloor-Yonge,Riverdale Park,Casual,5168
100609,23.3,2025-06-07 03:19:12,2025-06-07 03:42:30,Bloor-Yonge,Riverdale Park,Annual Member,5169
100610,30.8,2025-06-07 03:40:21,2025-06-07 04:11:09,High Park,Union Station,Casual,5170
100611,20.1,2025-06-07 04:12:16,2025-06-07 04:32:22,High Park,Union Station,Annual Member,5171
100612,20.2,2025-06-07 04:28:06,2025-06-07 04:48:18,Riverdale Park,Harbourfront Centre,Casual,5172
100613,14.6,2025-06-07 05:55:02,2025-06-07 06:09:38,Riverdale Park,Harbourfront Centre,Annual Member,5173
100614,21.2,2025-06-07 05:27:56,2025-06-07 05:49:08,Union Station,Kensington Market,Casual,5174
100615,30.5,2025-06-07 06:11:24,2025-06-07 06:41:54,Union Station,Kensington Market,Annual Member,5175
100616,47.3,2025-06-07 06:22:48,2025-06-07 07:10:06,Harbourfront Centre,Bloor-Yonge,Casual,5176
100617,23.2,2025-06-07 07:41:27,2025-06-07 08:04:39,Harbourfront Centre,Bloor-Yonge,Annual Member,5177
100618,63.2,2025-06-07 07:26:56,2025-06-07 08:30:08,Kensington Market,High Park,Casual,5178
100619,19.1,2025-06-07 07:02:41,2025-06-07 07:21:47,Bloor-Yonge,Riverdale Park,Annual Member,5179
100620,25.1,2025-06-07 07:01:23,2025-06-07 07:26:29,High Park,Union Station,Casual,5000
100621,21.4,2025-06-07 07:49:38,2025-06-07 08:11:02,Riverdale Park,Harbourfront Centre,Annual Member,5001
100622,16.8,2025-06-07 07:39:32,2025-06-07 07:56:20,Union Station,Kensington Market,Casual,5002
100623,14.8,2025-06-07 08:04:29,2025-06-07 08:19:17,Kensington Market,High Park,Annual Member,5003
100624,21.6,2025-06-07 08:13:45,2025-06-07 08:35:21,Bloor-Yonge,Riverdale Park,Casual,5004
100625,15.0,2025-06-07 08:04:08,2025-06-07 08:19:08,High Park,Union Station,Annual Member,5005
100626,40.6,2025-06-07 08:45:28,2025-06-07 09:26:04,Riverdale Park,Harbourfront Centre,Casual,5006
100627,44.9,2025-06-07 08:26:39,2025-06-07 09:11:33,Union Station,Kensington Market,Annual Member,5007
100628,31.1,2025-06-07 08:31:45,2025-06-07 09:02:51,Harbourfront Centre,Bloor-Yonge,Casual,5008
100629,13.3,2025-06-07 08:25:24,2025-06-07 08:38:42,Kensington Market,High Park,Annual Member,5009
100630,34.0,2025-06-07 08:53:01,2025-06-07 09:27:01,Bloor-Yonge,Riverdale Park,Casual,5010
100631,45.8,2025-06-07 08:54:47,2025-06-07 09:40:35,High Park,Union Station,Annual Member,5011
100632,7.2,2025-06-07 09:24:21,2025-06-07 09:31:33,Bloor-Yonge,Riverdale Park,Annual Member,5012
100633,33.8,2025-06-07 09:30:50,2025-06-07 10:04:38,High Park,Union Station,Casual,5013
100634,11.2,2025-06-07 09:39:07,2025-06-07 09:50:19,Riverdale Park,Harbourfront Centre,Annual Member,5014
100635,21.2,2025-06-07 09:03:08,2025-06-07 09:24:20,Union Station,Kensington Market,Casual,5015
100636,16.9,2025-06-07 09:34:30,2025-06-07 09:51:24,Harbourfront Centre,Bloor-Yonge,Annual Member,5016
100637,20.5,2025-06-07 09:24:55,2025-06-07 09:45:25,Kensington Market,High Park,Casual,5017
100638,29.1,2025-06-07 10:40:57,2025-06-07 11:10:03,High Park,Union Station,Annual Member,5018
100639,27.4,2025-06-07 10:37:19,2025-06-07 11:04:43,Riverdale Park,Harbourfront Centre,Casual,5019
100640,6.0,2025-06-07 10:04:32,2025-06-07 10:10:32,Union Station,Kensington Market,Annual Member,5020
100641,56.4,2025-06-07 10:02:13,2025-06-07 10:58:37,Harbourfront Centre,Bloor-Yonge,Casual,5021
100642,8.0,2025-06-07 11:11:40,2025-06-07 11:19:40,Riverdale Park,Harbourfront Centre,Annual Member,5022
100643,36.9,2025-06-07 11:45:13,2025-06-07 12:22:07,Union Station,Kensington Market,Casual,5023
100644,23.9,2025-06-07 11:42:06,2025-06-07 12:06:00,Harbourfront Centre,Bloor-Yonge,Annual Member,5024
100645,34.3,2025-06-07 11:17:00,2025-06-07 11:51:18,Kensington Market,High Park,Casual,5025
100646,14.7,2025-06-07 11:59:52,2025-06-07 12:14:34,Bloor-Yonge,Riverdale Park,Annual Member,5026
100647,51.3,2025-06-07 11:25:03,2025-06-07 12:16:21,High Park,Union Station,Casual,5027
100648,21.6,2025-06-07 11:23:31,2025-06-07 11:45:07,Riverdale Park,Harbourfront Centre,Annual Member,5028
100649,17.4,2025-06-07 12:43:10,2025-06-07 13:00:34,Union Station,Kensington Market,Annual Member,5029
100650,18.2,2025-06-07 12:30:41,2025-06-07 12:48:53,Harbourfront Centre,Bloor-Yonge,Casual,5030
100651,21.1,2025-06-07 12:48:51,2025-06-07 13:09:57,Kensington Market,High Park,Annual Member,5031
100652,46.9,2025-06-07 12:56:00,2025-06-07 13:42:54,Bloor-Yonge,Riverdale Park,Casual,5032
100653,14.8,2025-06-07 12:46:35,2025-06-07 13:01:23,High Park,Union Station,Annual Member,5033
100654,28.0,2025-06-07 12:15:17,2025-06-07 12:43:17,Riverdale Park,Harbourfront Centre,Casual,5034
100655,24.8,2025-06-07 12:07:56,2025-06-07 12:32:44,Union Station,Kensington Market,Annual Member,5035
100656,11.5,2025-06-07 13:29:18,2025-06-07 13:40:48,Harbourfront Centre,Bloor-Yonge,Annual Member,5036
100657,28.9,2025-06-07 13:47:16,2025-06-07 14:16:10,Kensington Market,High Park,Casual,5037
100658,14.9,2025-06-07 13:44:36,2025-06-07 13:59:30,Bloor-Yonge,Riverdale Park,Annual Member,5038
100659,46.5,2025-06-07 13:28:30,2025-06-07 14:15:00,High Park,Union Station,Casual,5039
100660,17.0,2025-06-07 13:39:37,2025-06-07 13:56:37,Riverdale Park,Harbourfront Centre,Annual Member,5040
100661,32.2,2025-06-07 13:47:02,2025-06-07 14:19:14,Union Station,Kensington Market,Casual,5041
100662,24.7,2025-06-07 13:03:25,2025-06-07 13:28:07,Harbourfront Centre,Bloor-Yonge,Annual Member,5042
100663,23.1,2025-06-07 14:49:19,2025-06-07 15:12:25,Kensington Market,High Park,Annual Member,5043
100664,20.8,2025-06-07 14:18:17,2025-06-07 14:39:05,Bloor-Yonge,Riverdale Park,Casual,5044
100665,16.7,2025-06-07 14:05:49,2025-06-07 14:22:31,High Park,Union Station,Annual Member,5045
100666,44.1,2025-06-07 14:33:34,2025-06-07 15:17:40,Riverdale Park,Harbourfront Centre,Casual,5046
100667,10.8,2025-06-07 14:43:09,2025-06-07 14:53:57,Union Station,Kensington Market,Annual Member,5047
100668,69.8,2025-06-07 14:08:24,2025-06-07 15:18:12,Harbourfront Centre,Bloor-Yonge,Casual,5048
100669,25.2,2025-06-07 14:16:22,2025-06-07 14:41:34,Kensington Market,High Park,Annual Member,5049
100670,13.3,2025-06-07 15:49:33,2025-06-07 16:02:51,Bloor-Yonge,Riverdale Park,Annual Member,5050
100671,19.4,2025-06-07 15:41:53,2025-06-07 16:01:17,High Park,Union Station,Casual,5051
100672,11.7,2025-06-07 15:15:34,2025-06-07 15:27:16,Riverdale Park,Harbourfront Centre,Annual Member,5052
100673,31.2,2025-06-07 15:50:13,2025-06-07 16:21:25,Union Station,Kensington Market,Casual,5053
100674,14.8,2025-06-07 15:12:03,2025-06-07 15:26:51,Harbourfront Centre,Bloor-Yonge,Annual Member,5054
100675,32.4,2025-06-07 15:53:25,2025-06-07 16:25:49,Kensington Market,High Park,Casual,5055
100676,9.8,2025-06-07 15:53:24,2025-06-07 16:03:12,Bloor-Yonge,Riverdale Park,Annual Member,5056
100677,14.3,2025-06-07 16:17:05,2025-06-07 16:31:23,High Park,Union Station,Annual Member,5057
100678,30.3,2025-06-07 16:13:43,2025-06-07 16:44:01,Riverdale Park,Harbourfront Centre,Casual,5058
100679,17.1,2025-06-07 16:23:14,2025-06-07 16:40:20,Union Station,Kensington Market,Annual Member,5059
100680,42.5,2025-06-07 16:18:19,2025-06-07 17:00:49,Harbourfront Centre,Bloor-Yonge,Casual,5060
100681,19.0,2025-06-07 16:57:57,2025-06-07 17:16:57,Kensington Market,High Park,Annual Member,5061
100682,10.5,2025-06-07 16:21:38,2025-06-07 16:32:08,Bloor-Yonge,Riverdale Park,Casual,5062
100683,40.3,2025-06-07 16:59:32,2025-06-07 17:39:50,High Park,Union Station,Annual Member,5063
100684,22.8,2025-06-07 16:44:44,2025-06-07 17:07:32,Riverdale Park,Harbourfront Centre,Casual,5064
100685,23.3,2025-06-07 16:43:52,2025-06-07 17:07:10,Union Station,Kensington Market,Annual Member,5065
100686,29.8,2025-06-07 17:41:48,2025-06-07 18:11:36,Riverdale Park,Harbourfront Centre,Annual Member,5066
100687,16.8,2025-06-07 17:33:29,2025-06-07 17:50:17,Union Station,Kensington Market,Casual,5067
100688,27.8,2025-06-07 17:44:58,2025-06-07 18:12:46,Harbourfront Centre,Bloor-Yonge,Annual Member,5068
100689,30.6,2025-06-07 17:34:10,2025-06-07 18:04:46,Kensington Market,High Park,Casual,5069
100690,7.4,2025-06-07 17:46:50,2025-06-07 17:54:14,Bloor-Yonge,Riverdale Park,Annual Member,5070
100691,21.2,2025-06-07 17:26:46,2025-06-07 17:47:58,High Park,Union Station,Casual,5071
100692,9.6,2025-06-07 17:17:24,2025-06-07 17:27:00,Riverdale Park,Harbourfront Centre,Annual Member,5072
100693,22.9,2025-06-07 17:59:30,2025-06-07 18:22:24,Union Station,Kensington Market,Casual,5073
100694,16.4,2025-06-07 17:59:39,2025-06-07 18:16:03,Harbourfront Centre,Bloor-Yonge,Annual Member,5074
100695,12.2,2025-06-07 17:54:16,2025-06-07 18:06:28,Kensington Market,High Park,Casual,5075
100696,21.3,2025-06-07 17:43:43,2025-06-07 18:05:01,Bloor-Yonge,Riverdale Park,Annual Member,5076
100697,59.4,2025-06-07 17:03:33,2025-06-07 18:02:57,High Park,Union Station,Casual,5077
100698,11.8,2025-06-07 18:11:30,2025-06-07 18:23:18,Union Station,Kensington Market,Annual Member,5078
100699,32.2,2025-06-07 18:40:42,2025-06-07 19:12:54,Harbourfront Centre,Bloor-Yonge,Casual,5079
100700,12.7,2025-06-07 18:36:07,2025-06-07 18:48:49,Kensington Market,High Park,Annual Member,5080
100701,23.4,2025-06-07 18:34:09,2025-06-07 18:57:33,Bloor-Yonge,Riverdale Park,Casual,5081
100702,18.7,2025-06-07 18:34:59,2025-06-07 18:53:41,High Park,Union Station,Annual Member,5082
100703,93.1,2025-06-07 18:41:29,2025-06-07 20:14:35,Riverdale Park,Harbourfront Centre,Casual,5083
100704,25.2,2025-06-07 18:23:37,2025-06-07 18:48:49,Union Station,Kensington Market,Annual Member,5084
100705,8.0,2025-06-07 18:01:46,2025-06-07 18:09:46,Harbourfront Centre,Bloor-Yonge,Casual,5085
100706,17.9,2025-06-07 18:14:22,2025-06-07 18:32:16,Kensington Market,High Park,Annual Member,5086
100707,18.1,2025-06-07 19:28:20,2025-06-07 19:46:26,Harbourfront Centre,Bloor-Yonge,Annual Member,5087
100708,19.1,2025-06-07 19:38:45,2025-06-07 19:57:51,Kensington Market,High Park,Casual,5088
100709,18.8,2025-06-07 19:54:00,2025-06-07 20:12:48,Bloor-Yonge,Riverdale Park,Annual Member,5089
100710,25.9,2025-06-07 19:06:47,2025-06-07 19:32:41,High Park,Union Station,Casual,5090
100711,22.3,2025-06-07 19:04:26,2025-06-07 19:26:44,Riverdale Park,Harbourfront Centre,Annual Member,5091
100712,33.1,2025-06-07 19:28:33,2025-06-07 20:01:39,Union Station,Kensington Market,Casual,5092
100713,18.2,2025-06-07 20:45:59,2025-06-07 21:04:11,Kensington Market,High Park,Annual Member,5093
100714,19.2,2025-06-07 20:45:11,2025-06-07 21:04:23,Bloor-Yonge,Riverdale Park,Casual,5094
100715,12.6,2025-06-07 21:20:24,2025-06-07 21:33:00,Bloor-Yonge,Riverdale Park,Annual Member,5095
100716,43.8,2025-06-07 21:10:03,2025-06-07 21:53:51,High Park,Union Station,Casual,5096
100717,16.2,2025-06-07 22:03:20,2025-06-07 22:19:32,High Park,Union Station,Annual Member,5097
100718,37.3,2025-06-07 22:11:43,2025-06-07 22:49:01,Riverdale Park,Harbourfront Centre,Casual,5098
100719,22.6,2025-06-07 23:45:14,2025-06-08 00:07:50,Riverdale Park,Harbourfront Centre,Annual Member,5099
100720,25.9,2025-06-07 23:42:47,2025-06-08 00:08:41,Union Station,Kensington Market,Casual,5100
100721,15.0,2025-06-08 00:43:33,2025-06-08 00:58:33,Harbourfront Centre,Bloor-Yonge,Annual Member,5101
100722,23.2,2025-06-08 00:11:47,2025-06-08 00:34:59,Kensington Market,High Park,Casual,5102
100723,18.8,2025-06-08 01:48:08,2025-06-08 02:06:56,Kensington Market,High Park,Annual Member,5103
100724,42.9,2025-06-08 01:42:20,2025-06-08 02:25:14,Bloor-Yonge,Riverdale Park,Casual,5104
100725,15.4,2025-06-08 02:15:48,2025-06-08 02:31:12,Bloor-Yonge,Riverdale Park,Annual Member,5105
100726,18.4,2025-06-08 02:10:58,2025-06-08 02:29:22,High Park,Union Station,Casual,5106
100727,11.2,2025-06-08 03:06:03,2025-06-08 03:17:15,High Park,Union Station,Annual Member,5107
100728,15.6,2025-06-08 03:14:27,2025-06-08 03:30:03,Riverdale Park,Harbourfront Centre,Casual,5108
100729,9.7,2025-06-08 04:39:10,2025-06-08 04:48:52,Riverdale Park,Harbourfront Centre,Annual Member,5109
100730,53.0,2025-06-08 04:04:27,2025-06-08 04:57:27,Union Station,Kensington Market,Casual,5110
100731,10.3,2025-06-08 05:36:52,2025-06-08 05:47:10,Union Station,Kensington Market,Annual Member,5111
100732,45.1,2025-06-08 05:37:18,2025-06-08 06:22:24,Harbourfront Centre,Bloor-Yonge,Casual,5112
100733,18.4,2025-06-08 06:27:48,2025-06-08 06:46:12,Harbourfront Centre,Bloor-Yonge,Annual Member,5113
100734,13.6,2025-06-08 06:19:12,2025-06-08 06:32:48,Kensington Market,High Park,Casual,5114
100735,12.1,2025-06-08 07:14:00,2025-06-08 07:26:06,Kensington Market,High Park,Annual Member,5115
100736,71.7,2025-06-08 07:56:07,2025-06-08 09:07:49,Bloor-Yonge,Riverdale Park,Casual,5116
100737,26.0,2025-06-08 07:11:57,2025-06-08 07:37:57,High Park,Union Station,Annual Member,5117
100738,16.3,2025-06-08 07:26:41,2025-06-08 07:42:59,Riverdale Park,Harbourfront Centre,Casual,5118
100739,10.3,2025-06-08 07:56:02,2025-06-08 08:06:20,Union Station,Kensington Market,Annual Member,5119
100740,22.8,2025-06-08 07:16:54,2025-06-08 07:39:42,Harbourfront Centre,Bloor-Yonge,Casual,5120
100741,11.1,2025-06-08 08:53:04,2025-06-08 09:04:10,Bloor-Yonge,Riverdale Park,Annual Member,5121
100742,13.7,2025-06-08 08:45:37,2025-06-08 08:59:19,High Park,Union Station,Casual,5122
100743,17.6,2025-06-08 08:35:06,2025-06-08 08:52:42,Riverdale Park,Harbourfront Centre,Annual Member,5123
100744,9.2,2025-06-08 08:44:12,2025-06-08 08:53:24,Union Station,Kensington Market,Casual,5124
100745,14.2,2025-06-08 08:50:55,2025-06-08 09:05:07,Harbourfront Centre,Bloor-Yonge,Annual Member,5125
100746,50.8,2025-06-08 08:43:12,2025-06-08 09:34:00,Kensington Market,High Park,Casual,5126
100747,22.3,2025-06-08 08:15:23,2025-06-08 08:37:41,Bloor-Yonge,Riverdale Park,Annual Member,5127
100748,12.8,2025-06-08 08:42:08,2025-06-08 08:54:56,High Park,Union Station,Casual,5128
100749,15.4,2025-06-08 08:19:08,2025-06-08 08:34:32,Riverdale Park,Harbourfront Centre,Annual Member,5129
100750,22.3,2025-06-08 09:06:14,2025-06-08 09:28:32,High Park,Union Station,Annual Member,5130
100751,30.9,2025-06-08 09:40:22,2025-06-08 10:11:16,Riverdale Park,Harbourfront Centre,Casual,5131
100752,19.4,2025-06-08 09:14:58,2025-06-08 09:34:22,Union Station,Kensington Market,Annual Member,5132
100753,22.0,2025-06-08 09:37:35,2025-06-08 09:59:35,Harbourfront Centre,Bloor-Yonge,Casual,5133
100754,14.1,2025-06-08 09:20:52,2025-06-08 09:34:58,Kensington Market,High Park,Annual Member,5134
100755,17.2,2025-06-08 09:24:32,2025-06-08 09:41:44,Bloor-Yonge,Riverdale Park,Casual,5135
100756,21.2,2025-06-08 10:01:59,2025-06-08 10:23:11,Riverdale Park,Harbourfront Centre,Annual Member,5136
100757,69.5,2025-06-08 10:20:07,2025-06-08 11:29:37,Union Station,Kensington Market,Casual,5137
100758,24.5,2025-06-08 10:44:55,2025-06-08 11:09:25,Harbourfront Centre,Bloor-Yonge,Annual Member,5138
100759,40.0,2025-06-08 10:05:26,2025-06-08 10:45:26,Kensington Market,High Park,Casual,5139
100760,32.2,2025-06-08 11:53:57,2025-06-08 12:26:09,Union Station,Kensington Market,Annual Member,5140
100761,48.3,2025-06-08 11:07:07,2025-06-08 11:55:25,Harbourfront Centre,Bloor-Yonge,Casual,5141
100762,20.1,2025-06-08 11:12:44,2025-06-08 11:32:50,Kensington Market,High Park,Annual Member,5142
100763,50.7,2025-06-08 11:55:46,2025-06-08 12:46:28,Bloor-Yonge,Riverdale Park,Casual,5143
100764,44.8,2025-06-08 11:22:05,2025-06-08 12:06:53,High Park,Union Station,Annual Member,5144
100765,34.1,2025-06-08 11:22:02,2025-06-08 11:56:08,Riverdale Park,Harbourfront Centre,Casual,5145
100766,16.8,2025-06-08 11:03:38,2025-06-08 11:20:26,Union Station,Kensington Market,Annual Member,5146
100767,18.1,2025-06-08 12:01:13,2025-06-08 12:19:19,Harbourfront Centre,Bloor-Yonge,Annual Member,5147
100768,30.9,2025-06-08 12:03:26,2025-06-08 12:34:20,Kensington Market,High Park,Casual,5148
100769,29.0,2025-06-08 12:11:24,2025-06-08 12:40:24,Bloor-Yonge,Riverdale Park,Annual Member,5149
100770,14.9,2025-06-08 12:44:58,2025-06-08 12:59:52,High Park,Union Station,Casual,5150
100771,5.9,2025-06-08 12:39:00,2025-06-08 12:44:54,Riverdale Park,Harbourfront Centre,Annual Member,5151
100772,43.8,2025-06-08 12:04:30,2025-06-08 12:48:18,Union Station,Kensington Market,Casual,5152
100773,35.6,2025-06-08 12:46:20,2025-06-08 13:21:56,Harbourfront Centre,Bloor-Yonge,Annual Member,5153
100774,9.1,2025-06-08 13:09:56,2025-06-08 13:19:02,Kensington Market,High Park,Annual Member,5154
100775,48.8,2025-06-08 13:57:59,2025-06-08 14:46:47,Bloor-Yonge,Riverdale Park,Casual,5155
100776,33.4,2025-06-08 13:20:51,2025-06-08 13:54:15,High Park,Union Station,Annual Member,5156
100777,29.7,2025-06-08 13:38:23,2025-06-08 14:08:05,Riverdale Park,Harbourfront Centre,Casual,5157
100778,23.6,2025-06-08 13:58:20,2025-06-08 14:21:56,Union Station,Kensington Market,Annual Member,5158
100779,14.8,2025-06-08 13:06:45,2025-06-08 13:21:33,Harbourfront Centre,Bloor-Yonge,Casual,5159
100780,8.7,2025-06-08 13:25:46,2025-06-08 13:34:28,Kensington Market,High Park,Annual Member,5160
100781,34.1,2025-06-08 14:37:43,2025-06-08 15:11:49,Bloor-Yonge,Riverdale Park,Annual Member,5161
100782,43.3,2025-06-08 14:40:14,2025-06-08 15:23:32,High Park,Union Station,Casual,5162
100783,13.2,2025-06-08 14:44:08,2025-06-08 14:57:20,Riverdale Park,Harbourfront Centre,Annual Member,5163
100784,28.1,2025-06-08 14:37:14,2025-06-08 15:05:20,Union Station,Kensington Market,Casual,5164
100785,18.1,2025-06-08 14:28:54,2025-06-08 14:47:00,Harbourfront Centre,Bloor-Yonge,Annual Member,5165
100786,38.7,2025-06-08 14:28:16,2025-06-08 15:06:58,Kensington Market,High Park,Casual,5166
100787,20.7,2025-06-08 14:56:20,2025-06-08 15:17:02,Bloor-Yonge,Riverdale Park,Annual Member,5167
100788,11.9,2025-06-08 15:10:47,2025-06-08 15:22:41,High Park,Union Station,Annual Member,5168
100789,44.3,2025-06-08 15:47:46,2025-06-08 16:32:04,Riverdale Park,Harbourfront Centre,Casual,5169
100790,17.8,2025-06-08 15:58:59,2025-06-08 16:16:47,Union Station,Kensington Market,Annual Member,5170
100791,16.5,2025-06-08 15:26:17,2025-06-08 15:42:47,Harbourfront Centre,Bloor-Yonge,Casual,5171
100792,17.3,2025-06-08 15:56:07,2025-06-08 16:13:25,Kensington Market,High Park,Annual Member,5172
100793,35.9,2025-06-08 15:40:06,2025-06-08 16:16:00,Bloor-Yonge,Riverdale Park,Casual,5173
100794,38.4,2025-06-08 15:00:56,2025-06-08 15:39:20,High Park,Union Station,Annual Member,5174
100795,18.3,2025-06-08 16:27:39,2025-06-08 16:45:57,Riverdale Park,Harbourfront Centre,Annual Member,5175
100796,46.5,2025-06-08 16:45:53,2025-06-08 17:32:23,Union Station,Kensington Market,Casual,5176
100797,30.2,2025-06-08 16:49:26,2025-06-08 17:19:38,Harbourfront Centre,Bloor-Yonge,Annual Member,5177
100798,12.8,2025-06-08 16:32:53,2025-06-08 16:45:41,Kensington Market,High Park,Casual,5178
100799,5.3,2025-06-08 16:22:44,2025-06-08 16:28:02,Bloor-Yonge,Riverdale Park,Annual Member,5179
100800,19.2,2025-06-08 16:23:57,2025-06-08 16:43:09,High Park,Union Station,Casual,5000
100801,12.0,2025-06-08 16:11:36,2025-06-08 16:23:36,Riverdale Park,Harbourfront Centre,Annual Member,5001
100802,18.7,2025-06-08 16:31:53,2025-06-08 16:50:35,Union Station,Kensington Market,Casual,5002
100803,12.6,2025-06-08 16:49:20,2025-06-08 17:01:56,Harbourfront Centre,Bloor-Yonge,Annual Member,5003
100804,23.1,2025-06-08 17:22:10,2025-06-08 17:45:16,Union Station,Kensington Market,Annual Member,5004
100805,13.7,2025-06-08 17:41:46,2025-06-08 17:55:28,Harbourfront Centre,Bloor-Yonge,Casual,5005
100806,20.3,2025-06-08 17:00:11,2025-06-08 17:20:29,Kensington Market,High Park,Annual Member,5006
100807,24.6,2025-06-08 17:33:44,2025-06-08 17:58:20,Bloor-Yonge,Riverdale Park,Casual,5007
100808,22.9,2025-06-08 17:02:40,2025-06-08 17:25:34,High Park,Union Station,Annual Member,5008
100809,16.0,2025-06-08 17:13:54,2025-06-08 17:29:54,Riverdale Park,Harbourfront Centre,Casual,5009
100810,13.6,2025-06-08 17:28:45,2025-06-08 17:42:21,Union Station,Kensington Market,Annual Member,5010
100811,33.5,2025-06-08 17:56:07,2025-06-08 18:29:37,Harbourfront Centre,Bloor-Yonge,Casual,5011
100812,10.0,2025-06-08 17:15:28,2025-06-08 17:25:28,Kensington Market,High Park,Annual Member,5012
100813,27.4,2025-06-08 17:36:25,2025-06-08 18:03:49,Bloor-Yonge,Riverdale Park,Casual,5013
100814,19.3,2025-06-08 17:17:26,2025-06-08 17:36:44,High Park,Union Station,Annual Member,5014
100815,33.7,2025-06-08 17:36:36,2025-06-08 18:10:18,Riverdale Park,Harbourfront Centre,Casual,5015
100816,34.8,2025-06-08 18:37:05,2025-06-08 19:11:53,Harbourfront Centre,Bloor-Yonge,Annual Member,5016
100817,26.3,2025-06-08 18:28:18,2025-06-08 18:54:36,Kensington Market,High Park,Casual,5017
100818,14.5,2025-06-08 18:26:21,2025-06-08 18:40:51,Bloor-Yonge,Riverdale Park,Annual Member,5018
100819,9.0,2025-06-08 18:39:15,2025-06-08 18:48:15,High Park,Union Station,Casual,5019
100820,13.7,2025-06-08 18:01:45,2025-06-08 18:15:27,Riverdale Park,Harbourfront Centre,Annual Member,5020
100821,22.1,2025-06-08 18:24:05,2025-06-08 18:46:11,Union Station,Kensington Market,Casual,5021
100822,33.7,2025-06-08 18:50:02,2025-06-08 19:23:44,Harbourfront Centre,Bloor-Yonge,Annual Member,5022
100823,25.1,2025-06-08 18:34:22,2025-06-08 18:59:28,Kensington Market,High Park,Casual,5023
100824,21.5,2025-06-08 18:45:23,2025-06-08 19:06:53,Bloor-Yonge,Riverdale Park,Annual Member,5024
100825,19.4,2025-06-08 19:21:25,2025-06-08 19:40:49,Kensington Market,High Park,Annual Member,5025
100826,34.4,2025-06-08 19:01:21,2025-06-08 19:35:45,Bloor-Yonge,Riverdale Park,Casual,5026
100827,12.5,2025-06-08 19:59:36,2025-06-08 20:12:06,High Park,Union Station,Annual Member,5027
100828,24.7,2025-06-08 19:07:45,2025-06-08 19:32:27,Riverdale Park,Harbourfront Centre,Casual,5028
100829,20.9,2025-06-08 19:59:35,2025-06-08 20:20:29,Union Station,Kensington Market,Annual Member,5029
100830,20.5,2025-06-08 19:12:18,2025-06-08 19:32:48,Harbourfront Centre,Bloor-Yonge,Casual,5030
100831,27.2,2025-06-08 20:29:35,2025-06-08 20:56:47,Bloor-Yonge,Riverdale Park,Annual Member,5031
100832,38.5,2025-06-08 20:55:25,2025-06-08 21:33:55,High Park,Union Station,Casual,5032
100833,42.5,2025-06-08 21:14:23,2025-06-08 21:56:53,High Park,Union Station,Annual Member,5033
100834,36.2,2025-06-08 21:10:55,2025-06-08 21:47:07,Riverdale Park,Harbourfront Centre,Casual,5034
100835,9.1,2025-06-08 22:09:22,2025-06-08 22:18:28,Riverdale Park,Harbourfront Centre,Annual Member,5035
100836,30.4,2025-06-08 22:44:46,2025-06-08 23:15:10,Union Station,Kensington Market,Casual,5036
100837,22.2,2025-06-08 23:41:17,2025-06-09 00:03:29,Union Station,Kensington Market,Annual Member,5037
100838,13.0,2025-06-08 23:48:45,2025-06-09 00:01:45,Harbourfront Centre,Bloor-Yonge,Casual,5038
100839,13.6,2025-06-09 00:09:22,2025-06-09 00:22:58,Kensington Market,High Park,Annual Member,5039
100840,33.3,2025-06-09 00:11:47,2025-06-09 00:45:05,Bloor-Yonge,Riverdale Park,Casual,5040
100841,10.2,2025-06-09 01:00:43,2025-06-09 01:10:55,Bloor-Yonge,Riverdale Park,Annual Member,5041
100842,24.9,2025-06-09 01:59:44,2025-06-09 02:24:38,High Park,Union Station,Casual,5042
100843,19.5,2025-06-09 02:50:07,2025-06-09 03:09:37,High Park,Union Station,Annual Member,5043
100844,9.7,2025-06-09 02:41:41,2025-06-09 02:51:23,Riverdale Park,Harbourfront Centre,Casual,5044
100845,29.2,2025-06-09 03:50:15,2025-06-09 04:19:27,Riverdale Park,Harbourfront Centre,Annual Member,5045
100846,40.2,2025-06-09 03:32:38,2025-06-09 04:12:50,Union Station,Kensington Market,Casual,5046
100847,14.5,2025-06-09 04:47:26,2025-06-09 05:01:56,Union Station,Kensington Market,Annual Member,5047
100848,27.3,2025-06-09 04:05:54,2025-06-09 04:33:12,Harbourfront Centre,Bloor-Yonge,Casual,5048
100849,15.9,2025-06-09 05:25:04,2025-06-09 05:40:58,Harbourfront Centre,Bloor-Yonge,Annual Member,5049
100850,26.3,2025-06-09 05:34:48,2025-06-09 06:01:06,Kensington Market,High Park,Casual,5050
100851,17.2,2025-06-09 06:23:31,2025-06-09 06:40:43,Kensington Market,High Park,Annual Member,5051
100852,23.2,2025-06-09 06:39:03,2025-06-09 07:02:15,Bloor-Yonge,Riverdale Park,Casual,5052
100853,14.3,2025-06-09 07:05:18,2025-06-09 07:19:36,Bloor-Yonge,Riverdale Park,Annual Member,5053
100854,13.7,2025-06-09 07:34:48,2025-06-09 07:48:30,High Park,Union Station,Casual,5054
100855,6.7,2025-06-09 07:59:34,2025-06-09 08:06:16,Riverdale Park,Harbourfront Centre,Annual Member,5055
100856,30.8,2025-06-09 07:16:35,2025-06-09 07:47:23,Union Station,Kensington Market,Casual,5056
100857,16.3,2025-06-09 07:15:22,2025-06-09 07:31:40,Harbourfront Centre,Bloor-Yonge,Annual Member,5057
100858,59.2,2025-06-09 07:28:33,2025-06-09 08:27:45,Kensington Market,High Park,Casual,5058
100859,18.4,2025-06-09 08:58:47,2025-06-09 09:17:11,High Park,Union Station,Annual Member,5059
100860,22.1,2025-06-09 08:56:26,2025-06-09 09:18:32,Riverdale Park,Harbourfront Centre,Casual,5060
100861,8.9,2025-06-09 08:35:01,2025-06-09 08:43:55,Union Station,Kensington Market,Annual Member,5061
100862,22.6,2025-06-09 08:47:59,2025-06-09 09:10:35,Harbourfront Centre,Bloor-Yonge,Casual,5062
100863,22.0,2025-06-09 08:15:58,2025-06-09 08:37:58,Kensington Market,High Park,Annual Member,5063
100864,15.1,2025-06-09 08:52:49,2025-06-09 09:07:55,Bloor-Yonge,Riverdale Park,Casual,5064
100865,23.1,2025-06-09 08:54:35,2025-06-09 09:17:41,High Park,Union Station,Annual Member,5065
100866,22.2,2025-06-09 08:34:21,2025-06-09 08:56:33,Riverdale Park,Harbourfront Centre,Casual,5066
100867,40.0,2025-06-09 08:04:36,2025-06-09 08:44:36,Union Station,Kensington Market,Annual Member,5067
100868,21.9,2025-06-09 09:52:58,2025-06-09 10:14:52,Riverdale Park,Harbourfront Centre,Annual Member,5068
100869,68.6,2025-06-09 09:18:24,2025-06-09 10:27:00,Union Station,Kensington Market,Casual,5069
100870,16.8,2025-06-09 09:01:07,2025-06-09 09:17:55,Harbourfront Centre,Bloor-Yonge,Annual Member,5070
100871,47.5,2025-06-09 09:40:12,2025-06-09 10:27:42,Kensington Market,High Park,Casual,5071
100872,45.3,2025-06-09 09:28:17,2025-06-09 10:13:35,Bloor-Yonge,Riverdale Park,Annual Member,5072
100873,30.2,2025-06-09 09:01:15,2025-06-09 09:31:27,High Park,Union Station,Casual,5073
100874,25.1,2025-06-09 10:01:28,2025-06-09 10:26:34,Union Station,Kensington Market,Annual Member,5074
100875,44.3,2025-06-09 10:53:04,2025-06-09 11:37:22,Harbourfront Centre,Bloor-Yonge,Casual,5075
100876,16.2,2025-06-09 10:26:59,2025-06-09 10:43:11,Kensington Market,High Park,Annual Member,5076
100877,31.4,2025-06-09 10:40:16,2025-06-09 11:11:40,Bloor-Yonge,Riverdale Park,Casual,5077
100878,24.3,2025-06-09 11:43:53,2025-06-09 12:08:11,Harbourfront Centre,Bloor-Yonge,Annual Member,5078
100879,14.3,2025-06-09 11:34:14,2025-06-09 11:48:32,Kensington Market,High Park,Casual,5079
100880,33.9,2025-06-09 11:59:33,2025-06-09 12:33:27,Bloor-Yonge,Riverdale Park,Annual Member,5080
100881,35.5,2025-06-09 11:16:52,2025-06-09 11:52:22,High Park,Union Station,Casual,5081
100882,47.8,2025-06-09 12:51:03,2025-06-09 13:38:51,Kensington Market,High Park,Annual Member,5082
100883,36.2,2025-06-09 12:58:21,2025-06-09 13:34:33,Bloor-Yonge,Riverdale Park,Casual,5083
100884,29.1,2025-06-09 12:31:04,2025-06-09 13:00:10,High Park,Union Station,Annual Member,5084
100885,9.2,2025-06-09 12:09:52,2025-06-09 12:19:04,Riverdale Park,Harbourfront Centre,Casual,5085
100886,12.8,2025-06-09 13:54:12,2025-06-09 14:07:00,Bloor-Yonge,Riverdale Park,Annual Member,5086
100887,29.2,2025-06-09 13:15:15,2025-06-09 13:44:27,High Park,Union Station,Casual,5087
100888,19.3,2025-06-09 13:40:05,2025-06-09 13:59:23,Riverdale Park,Harbourfront Centre,Annual Member,5088
100889,32.5,2025-06-09 13:56:39,2025-06-09 14:29:09,Union Station,Kensington Market,Casual,5089
100890,17.6,2025-06-09 14:06:50,2025-06-09 14:24:26,High Park,Union Station,Annual Member,5090
100891,34.9,2025-06-09 14:55:23,2025-06-09 15:30:17,Riverdale Park,Harbourfront Centre,Casual,5091
100892,21.4,2025-06-09 14:12:28,2025-06-09 14:33:52,Union Station,Kensington Market,Annual Member,5092
100893,25.8,2025-06-09 14:16:15,2025-06-09 14:42:03,Harbourfront Centre,Bloor-Yonge,Casual,5093
100894,11.5,2025-06-09 15:23:30,2025-06-09 15:35:00,Riverdale Park,Harbourfront Centre,Annual Member,5094
100895,27.0,2025-06-09 15:53:56,2025-06-09 16:20:56,Union Station,Kensington Market,Casual,5095
100896,21.8,2025-06-09 15:32:45,2025-06-09 15:54:33,Harbourfront Centre,Bloor-Yonge,Annual Member,5096
100897,56.3,2025-06-09 15:38:43,2025-06-09 16:35:01,Kensington Market,High Park,Casual,5097
100898,26.3,2025-06-09 16:55:16,2025-06-09 17:21:34,Union Station,Kensington Market,Annual Member,5098
100899,27.9,2025-06-09 16:16:50,2025-06-09 16:44:44,Harbourfront Centre,Bloor-Yonge,Casual,5099
100900,20.3,2025-06-09 16:12:01,2025-06-09 16:32:19,Kensington Market,High Park,Annual Member,5100
100901,48.7,2025-06-09 16:54:49,2025-06-09 17:43:31,Bloor-Yonge,Riverdale Park,Casual,5101
100902,39.0,2025-06-09 16:15:34,2025-06-09 16:54:34,High Park,Union Station,Annual Member,5102
100903,40.0,2025-06-09 16:36:50,2025-06-09 17:16:50,Riverdale Park,Harbourfront Centre,Casual,5103
100904,17.8,2025-06-09 17:40:47,2025-06-09 17:58:35,Harbourfront Centre,Bloor-Yonge,Annual Member,5104
100905,16.0,2025-06-09 17:21:09,2025-06-09 17:37:09,Kensington Market,High Park,Casual,5105
100906,44.6,2025-06-09 17:49:20,2025-06-09 18:33:56,Bloor-Yonge,Riverdale Park,Annual Member,5106
100907,12.4,2025-06-09 17:06:55,2025-06-09 17:19:19,High Park,Union Station,Casual,5107
100908,18.3,2025-06-09 17:03:01,2025-06-09 17:21:19,Riverdale Park,Harbourfront Centre,Annual Member,5108
100909,25.0,2025-06-09 17:51:40,2025-06-09 18:16:40,Union Station,Kensington Market,Casual,5109
100910,12.7,2025-06-09 17:32:05,2025-06-09 17:44:47,Harbourfront Centre,Bloor-Yonge,Annual Member,5110
100911,37.0,2025-06-09 17:07:44,2025-06-09 17:44:44,Kensington Market,High Park,Casual,5111
100912,13.5,2025-06-09 17:10:43,2025-06-09 17:24:13,Bloor-Yonge,Riverdale Park,Annual Member,5112
100913,31.8,2025-06-09 18:46:23,2025-06-09 19:18:11,Kensington Market,High Park,Annual Member,5113
100914,21.2,2025-06-09 18:14:08,2025-06-09 18:35:20,Bloor-Yonge,Riverdale Park,Casual,5114
100915,18.2,2025-06-09 18:22:16,2025-06-09 18:40:28,High Park,Union Station,Annual Member,5115
100916,36.9,2025-06-09 18:21:21,2025-06-09 18:58:15,Riverdale Park,Harbourfront Centre,Casual,5116
100917,21.7,2025-06-09 18:58:38,2025-06-09 19:20:20,Union Station,Kensington Market,Annual Member,5117
100918,27.1,2025-06-09 18:32:36,2025-06-09 18:59:42,Harbourfront Centre,Bloor-Yonge,Casual,5118
100919,23.5,2025-06-09 18:35:40,2025-06-09 18:59:10,Kensington Market,High Park,Annual Member,5119
100920,31.1,2025-06-09 18:19:14,2025-06-09 18:50:20,Bloor-Yonge,Riverdale Park,Casual,5120
100921,19.6,2025-06-09 18:16:27,2025-06-09 18:36:03,High Park,Union Station,Annual Member,5121
100922,20.0,2025-06-09 19:17:24,2025-06-09 19:37:24,Bloor-Yonge,Riverdale Park,Annual Member,5122
100923,13.0,2025-06-09 19:08:30,2025-06-09 19:21:30,High Park,Union Station,Casual,5123
100924,11.7,2025-06-09 19:37:51,2025-06-09 19:49:33,Riverdale Park,Harbourfront Centre,Annual Member,5124
100925,15.1,2025-06-09 19:47:36,2025-06-09 20:02:42,Union Station,Kensington Market,Casual,5125
100926,27.1,2025-06-09 19:44:39,2025-06-09 20:11:45,Harbourfront Centre,Bloor-Yonge,Annual Member,5126
100927,33.7,2025-06-09 19:27:06,2025-06-09 20:00:48,Kensington Market,High Park,Casual,5127
100928,13.6,2025-06-09 20:08:34,2025-06-09 20:22:10,High Park,Union Station,Annual Member,5128
100929,54.8,2025-06-09 20:31:10,2025-06-09 21:25:58,Riverdale Park,Harbourfront Centre,Casual,5129
100930,18.0,2025-06-09 21:50:45,2025-06-09 22:08:45,Riverdale Park,Harbourfront Centre,Annual Member,5130
100931,43.5,2025-06-09 21:40:27,2025-06-09 22:23:57,Union Station,Kensington Market,Casual,5131
100932,51.1,2025-06-09 22:17:34,2025-06-09 23:08:40,Union Station,Kensington Market,Annual Member,5132
100933,50.3,2025-06-09 22:10:02,2025-06-09 23:00:20,Harbourfront Centre,Bloor-Yonge,Casual,5133
100934,22.9,2025-06-09 23:10:39,2025-06-09 23:33:33,Harbourfront Centre,Bloor-Yonge,Annual Member,5134
100935,21.3,2025-06-09 23:04:21,2025-06-09 23:25:39,Kensington Market,High Park,Casual,5135
100936,12.7,2025-06-10 00:18:35,2025-06-10 00:31:17,Bloor-Yonge,Riverdale Park,Annual Member,5136
100937,29.4,2025-06-10 00:29:19,2025-06-10 00:58:43,High Park,Union Station,Casual,5137
100938,29.6,2025-06-10 01:28:53,2025-06-10 01:58:29,High Park,Union Station,Annual Member,5138
100939,28.1,2025-06-10 01:24:33,2025-06-10 01:52:39,Riverdale Park,Harbourfront Centre,Casual,5139
100940,18.3,2025-06-10 02:48:49,2025-06-10 03:07:07,Riverdale Park,Harbourfront Centre,Annual Member,5140
100941,34.7,2025-06-10 02:12:19,2025-06-10 02:47:01,Union Station,Kensington Market,Casual,5141
100942,9.0,2025-06-10 03:29:04,2025-06-10 03:38:04,Union Station,Kensington Market,Annual Member,5142
100943,39.7,2025-06-10 03:53:57,2025-06-10 04:33:39,Harbourfront Centre,Bloor-Yonge,Casual,5143
100944,19.1,2025-06-10 04:58:29,2025-06-10 05:17:35,Harbourfront Centre,Bloor-Yonge,Annual Member,5144
100945,24.8,2025-06-10 04:09:36,2025-06-10 04:34:24,Kensington Market,High Park,Casual,5145
100946,15.3,2025-06-10 05:01:40,2025-06-10 05:16:58,Kensington Market,High Park,Annual Member,5146
100947,22.2,2025-06-10 05:25:58,2025-06-10 05:48:10,Bloor-Yonge,Riverdale Park,Casual,5147
100948,18.2,2025-06-10 06:26:19,2025-06-10 06:44:31,Bloor-Yonge,Riverdale Park,Annual Member,5148
100949,26.2,2025-06-10 06:39:57,2025-06-10 07:06:09,High Park,Union Station,Casual,5149
100950,11.2,2025-06-10 07:53:36,2025-06-10 08:04:48,High Park,Union Station,Annual Member,5150
100951,35.7,2025-06-10 07:40:19,2025-06-10 08:16:01,Riverdale Park,Harbourfront Centre,Casual,5151
100952,26.5,2025-06-10 07:38:48,2025-06-10 08:05:18,Union Station,Kensington Market,Annual Member,5152
100953,45.2,2025-06-10 07:57:19,2025-06-10 08:42:31,Harbourfront Centre,Bloor-Yonge,Casual,5153
100954,23.7,2025-06-10 07:24:44,2025-06-10 07:48:26,Kensington Market,High Park,Annual Member,5154
100955,22.4,2025-06-10 07:39:30,2025-06-10 08:01:54,Bloor-Yonge,Riverdale Park,Casual,5155
100956,14.1,2025-06-10 08:34:27,2025-06-10 08:48:33,Riverdale Park,Harbourfront Centre,Annual Member,5156
100957,29.5,2025-06-10 08:40:36,2025-06-10 09:10:06,Union Station,Kensington Market,Casual,5157
100958,26.0,2025-06-10 08:53:09,2025-06-10 09:19:09,Harbourfront Centre,Bloor-Yonge,Annual Member,5158
100959,21.5,2025-06-10 08:46:00,2025-06-10 09:07:30,Kensington Market,High Park,Casual,5159
100960,29.8,2025-06-10 08:25:17,2025-06-10 08:55:05,Bloor-Yonge,Riverdale Park,Annual Member,5160
100961,102.2,2025-06-10 08:10:06,2025-06-10 09:52:18,High Park,Union Station,Casual,5161
100962,36.1,2025-06-10 08:51:17,2025-06-10 09:27:23,Riverdale Park,Harbourfront Centre,Annual Member,5162
100963,25.1,2025-06-10 08:18:49,2025-06-10 08:43:55,Union Station,Kensington Market,Casual,5163
100964,29.1,2025-06-10 08:59:52,2025-06-10 09:28:58,Harbourfront Centre,Bloor-Yonge,Annual Member,5164
100965,13.4,2025-06-10 09:24:04,2025-06-10 09:37:28,Union Station,Kensington Market,Annual Member,5165
100966,12.0,2025-06-10 09:22:45,2025-06-10 09:34:45,Harbourfront Centre,Bloor-Yonge,Casual,5166
100967,11.5,2025-06-10 09:57:08,2025-06-10 10:08:38,Kensington Market,High Park,Annual Member,5167
100968,40.0,2025-06-10 09:11:06,2025-06-10 09:51:06,Bloor-Yonge,Riverdale Park,Casual,5168
100969,48.1,2025-06-10 09:42:22,2025-06-10 10:30:28,High Park,Union Station,Annual Member,5169
100970,26.9,2025-06-10 09:24:58,2025-06-10 09:51:52,Riverdale Park,Harbourfront Centre,Casual,5170
100971,20.8,2025-06-10 10:20:20,2025-06-10 10:41:08,Harbourfront Centre,Bloor-Yonge,Annual Member,5171
100972,32.9,2025-06-10 10:17:27,2025-06-10 10:50:21,Kensington Market,High Park,Casual,5172
100973,18.9,2025-06-10 10:07:41,2025-06-10 10:26:35,Bloor-Yonge,Riverdale Park,Annual Member,5173
100974,31.0,2025-06-10 10:49:03,2025-06-10 11:20:03,High Park,Union Station,Casual,5174
100975,55.8,2025-06-10 11:20:16,2025-06-10 12:16:04,Kensington Market,High Park,Annual Member,5175
100976,19.3,2025-06-10 11:57:41,2025-06-10 12:16:59,Bloor-Yonge,Riverdale Park,Casual,5176
100977,17.3,2025-06-10 11:24:12,2025-06-10 11:41:30,High Park,Union Station,Annual Member,5177
100978,27.2,2025-06-10 11:15:01,2025-06-10 11:42:13,Riverdale Park,Harbourfront Centre,Casual,5178
100979,48.7,2025-06-10 12:00:39,2025-06-10 12:49:21,Bloor-Yonge,Riverdale Park,Annual Member,5179
100980,20.5,2025-06-10 12:13:30,2025-06-10 12:34:00,High Park,Union Station,Casual,5000
100981,18.7,2025-06-10 12:47:06,2025-06-10 13:05:48,Riverdale Park,Harbourfront Centre,Annual Member,5001
100982,66.3,2025-06-10 12:58:38,2025-06-10 14:04:56,Union Station,Kensington Market,Casual,5002
100983,37.8,2025-06-10 13:16:24,2025-06-10 13:54:12,High Park,Union Station,Annual Member,5003
100984,23.7,2025-06-10 13:36:14,2025-06-10 13:59:56,Riverdale Park,Harbourfront Centre,Casual,5004
100985,10.5,2025-06-10 13:54:48,2025-06-10 14:05:18,Union Station,Kensington Market,Annual Member,5005
100986,14.4,2025-06-10 13:03:39,2025-06-10 13:18:03,Harbourfront Centre,Bloor-Yonge,Casual,5006
100987,19.7,2025-06-10 14:31:40,2025-06-10 14:51:22,Riverdale Park,Harbourfront Centre,Annual Member,5007
100988,22.6,2025-06-10 14:43:58,2025-06-10 15:06:34,Union Station,Kensington Market,Casual,5008
100989,18.6,2025-06-10 14:23:25,2025-06-10 14:42:01,Harbourfront Centre,Bloor-Yonge,Annual Member,5009
100990,32.9,2025-06-10 14:37:22,2025-06-10 15:10:16,Kensington Market,High Park,Casual,5010
100991,22.3,2025-06-10 15:34:33,2025-06-10 15:56:51,Union Station,Kensington Market,Annual Member,5011
100992,67.2,2025-06-10 15:50:15,2025-06-10 16:57:27,Harbourfront Centre,Bloor-Yonge,Casual,5012
100993,26.1,2025-06-10 15:51:21,2025-06-10 16:17:27,Kensington Market,High Park,Annual Member,5013
100994,77.2,2025-06-10 15:22:24,2025-06-10 16:39:36,Bloor-Yonge,Riverdale Park,Casual,5014
100995,37.0,2025-06-10 16:50:50,2025-06-10 17:27:50,Harbourfront Centre,Bloor-Yonge,Annual Member,5015
100996,20.2,2025-06-10 16:16:27,2025-06-10 16:36:39,Kensington Market,High Park,Casual,5016
100997,10.9,2025-06-10 16:39:36,2025-06-10 16:50:30,Bloor-Yonge,Riverdale Park,Annual Member,5017
100998,32.0,2025-06-10 16:30:38,2025-06-10 17:02:38,High Park,Union Station,Casual,5018
100999,17.4,2025-06-10 16:44:33,2025-06-10 17:01:57,Riverdale Park,Harbourfront Centre,Annual Member,5019
101000,30.2,2025-06-10 16:36:46,2025-06-10 17:06:58,Union Station,Kensington Market,Casual,5020
101001,12.1,2025-06-10 17:48:26,2025-06-10 18:00:32,Kensington Market,High Park,Annual Member,5021
101002,28.6,2025-06-10 17:22:52,2025-06-10 17:51:28,Bloor-Yonge,Riverdale Park,Casual,5022
101003,23.0,2025-06-10 17:05:50,2025-06-10 17:28:50,High Park,Union Station,Annual Member,5023
101004,26.9,2025-06-10 17:06:03,2025-06-10 17:32:57,Riverdale Park,Harbourfront Centre,Casual,5024
101005,24.1,2025-06-10 17:58:32,2025-06-10 18:22:38,Union Station,Kensington Market,Annual Member,5025
101006,23.3,2025-06-10 17:18:13,2025-06-10 17:41:31,Harbourfront Centre,Bloor-Yonge,Casual,5026
101007,15.0,2025-06-10 17:03:45,2025-06-10 17:18:45,Kensington Market,High Park,Annual Member,5027
101008,22.1,2025-06-10 17:59:00,2025-06-10 18:21:06,Bloor-Yonge,Riverdale Park,Casual,5028
101009,16.9,2025-06-10 17:21:41,2025-06-10 17:38:35,High Park,Union Station,Annual Member,5029
101010,12.4,2025-06-10 18:01:15,2025-06-10 18:13:39,Bloor-Yonge,Riverdale Park,Annual Member,5030
101011,21.2,2025-06-10 18:35:55,2025-06-10 18:57:07,High Park,Union Station,Casual,5031
101012,19.3,2025-06-10 18:42:18,2025-06-10 19:01:36,Riverdale Park,Harbourfront Centre,Annual Member,5032
101013,33.7,2025-06-10 18:17:30,2025-06-10 18:51:12,Union Station,Kensington Market,Casual,5033
101014,23.2,2025-06-10 18:27:34,2025-06-10 18:50:46,Harbourfront Centre,Bloor-Yonge,Annual Member,5034
101015,14.0,2025-06-10 18:01:00,2025-06-10 18:15:00,Kensington Market,High Park,Casual,5035
101016,28.0,2025-06-10 18:29:49,2025-06-10 18:57:49,Bloor-Yonge,Riverdale Park,Annual Member,5036
101017,28.7,2025-06-10 18:46:49,2025-06-10 19:15:31,High Park,Union Station,Casual,5037
101018,17.5,2025-06-10 18:31:30,2025-06-10 18:49:00,Riverdale Park,Harbourfront Centre,Annual Member,5038
101019,17.9,2025-06-10 19:16:30,2025-06-10 19:34:24,High Park,Union Station,Annual Member,5039
101020,47.6,2025-06-10 19:25:24,2025-06-10 20:13:00,Riverdale Park,Harbourfront Centre,Casual,5040
101021,11.7,2025-06-10 19:47:49,2025-06-10 19:59:31,Union Station,Kensington Market,Annual Member,5041
101022,24.6,2025-06-10 19:36:45,2025-06-10 20:01:21,Harbourfront Centre,Bloor-Yonge,Casual,5042
101023,21.3,2025-06-10 19:50:03,2025-06-10 20:11:21,Kensington Market,High Park,Annual Member,5043
101024,25.6,2025-06-10 19:43:23,2025-06-10 20:08:59,Bloor-Yonge,Riverdale Park,Casual,5044
101025,7.5,2025-06-10 20:10:19,2025-06-10 20:17:49,Riverdale Park,Harbourfront Centre,Annual Member,5045
101026,36.5,2025-06-10 20:00:50,2025-06-10 20:37:20,Union Station,Kensington Market,Casual,5046
101027,9.6,2025-06-10 21:41:18,2025-06-10 21:50:54,Union Station,Kensington Market,Annual Member,5047
101028,25.8,2025-06-10 21:28:48,2025-06-10 21:54:36,Harbourfront Centre,Bloor-Yonge,Casual,5048
101029,14.4,2025-06-10 22:34:38,2025-06-10 22:49:02,Harbourfront Centre,Bloor-Yonge,Annual Member,5049
101030,22.0,2025-06-10 22:35:41,2025-06-10 22:57:41,Kensington Market,High Park,Casual,5050
101031,9.8,2025-06-10 23:05:29,2025-06-10 23:15:17,Kensington Market,High Park,Annual Member,5051
101032,43.2,2025-06-10 23:42:01,2025-06-11 00:25:13,Bloor-Yonge,Riverdale Park,Casual,5052
101033,19.9,2025-06-11 00:04:54,2025-06-11 00:24:48,High Park,Union Station,Annual Member,5053
101034,48.0,2025-06-11 00:06:22,2025-06-11 00:54:22,Riverdale Park,Harbourfront Centre,Casual,5054
101035,14.6,2025-06-11 01:26:41,2025-06-11 01:41:17,Riverdale Park,Harbourfront Centre,Annual Member,5055
101036,21.2,2025-06-11 01:33:44,2025-06-11 01:54:56,Union Station,Kensington Market,Casual,5056
101037,14.4,2025-06-11 02:22:57,2025-06-11 02:37:21,Union Station,Kensington Market,Annual Member,5057
101038,64.2,2025-06-11 02:40:44,2025-06-11 03:44:56,Harbourfront Centre,Bloor-Yonge,Casual,5058
101039,22.4,2025-06-11 03:34:54,2025-06-11 03:57:18,Harbourfront Centre,Bloor-Yonge,Annual Member,5059
101040,17.3,2025-06-11 03:33:31,2025-06-11 03:50:49,Kensington Market,High Park,Casual,5060
101041,10.5,2025-06-11 04:00:37,2025-06-11 04:11:07,Kensington Market,High Park,Annual Member,5061
101042,22.8,2025-06-11 04:30:06,2025-06-11 04:52:54,Bloor-Yonge,Riverdale Park,Casual,5062
101043,18.3,2025-06-11 05:42:48,2025-06-11 06:01:06,Bloor-Yonge,Riverdale Park,Annual Member,5063
101044,50.7,2025-06-11 05:23:47,2025-06-11 06:14:29,High Park,Union Station,Casual,5064
101045,14.6,2025-06-11 06:52:24,2025-06-11 07:07:00,High Park,Union Station,Annual Member,5065
101046,19.6,2025-06-11 06:43:09,2025-06-11 07:02:45,Riverdale Park,Harbourfront Centre,Casual,5066
101047,21.6,2025-06-11 07:49:19,2025-06-11 08:10:55,Riverdale Park,Harbourfront Centre,Annual Member,5067
101048,58.4,2025-06-11 07:52:41,2025-06-11 08:51:05,Union Station,Kensington Market,Casual,5068
101049,12.7,2025-06-11 07:23:18,2025-06-11 07:36:00,Harbourfront Centre,Bloor-Yonge,Annual Member,5069
101050,35.2,2025-06-11 07:16:29,2025-06-11 07:51:41,Kensington Market,High Park,Casual,5070
101051,20.7,2025-06-11 07:35:34,2025-06-11 07:56:16,Bloor-Yonge,Riverdale Park,Annual Member,5071
101052,55.7,2025-06-11 07:18:23,2025-06-11 08:14:05,High Park,Union Station,Casual,5072
101053,8.6,2025-06-11 08:33:54,2025-06-11 08:42:30,Union Station,Kensington Market,Annual Member,5073
101054,28.0,2025-06-11 08:27:40,2025-06-11 08:55:40,Harbourfront Centre,Bloor-Yonge,Casual,5074
101055,20.2,2025-06-11 08:25:23,2025-06-11 08:45:35,Kensington Market,High Park,Annual Member,5075
101056,59.8,2025-06-11 08:22:31,2025-06-11 09:22:19,Bloor-Yonge,Riverdale Park,Casual,5076
101057,18.8,2025-06-11 08:17:20,2025-06-11 08:36:08,High Park,Union Station,Annual Member,5077
101058,26.0,2025-06-11 08:40:55,2025-06-11 09:06:55,Riverdale Park,Harbourfront Centre,Casual,5078
101059,10.1,2025-06-11 08:16:49,2025-06-11 08:26:55,Union Station,Kensington Market,Annual Member,5079
101060,21.4,2025-06-11 08:28:04,2025-06-11 08:49:28,Harbourfront Centre,Bloor-Yonge,Casual,5080
101061,7.7,2025-06-11 08:03:37,2025-06-11 08:11:19,Kensington Market,High Park,Annual Member,5081
101062,22.7,2025-06-11 09:47:10,2025-06-11 10:09:52,Harbourfront Centre,Bloor-Yonge,Annual Member,5082
101063,26.1,2025-06-11 09:44:07,2025-06-11 10:10:13,Kensington Market,High Park,Casual,5083
101064,9.9,2025-06-11 09:45:14,2025-06-11 09:55:08,Bloor-Yonge,Riverdale Park,Annual Member,5084
101065,17.5,2025-06-11 09:28:04,2025-06-11 09:45:34,High Park,Union Station,Casual,5085
101066,12.2,2025-06-11 09:03:06,2025-06-11 09:15:18,Riverdale Park,Harbourfront Centre,Annual Member,5086
101067,31.2,2025-06-11 09:12:04,2025-06-11 09:43:16,Union Station,Kensington Market,Casual,5087
101068,24.6,2025-06-11 10:37:06,2025-06-11 11:01:42,Kensington Market,High Park,Annual Member,5088
101069,23.6,2025-06-11 10:16:22,2025-06-11 10:39:58,Bloor-Yonge,Riverdale Park,Casual,5089
101070,15.4,2025-06-11 10:09:58,2025-06-11 10:25:22,High Park,Union Station,Annual Member,5090
101071,29.0,2025-06-11 10:16:19,2025-06-11 10:45:19,Riverdale Park,Harbourfront Centre,Casual,5091
101072,8.4,2025-06-11 11:58:33,2025-06-11 12:06:57,Bloor-Yonge,Riverdale Park,Annual Member,5092
101073,19.9,2025-06-11 11:34:00,2025-06-11 11:53:54,High Park,Union Station,Casual,5093
101074,25.7,2025-06-11 11:02:30,2025-06-11 11:28:12,Riverdale Park,Harbourfront Centre,Annual Member,5094
101075,11.0,2025-06-11 11:05:43,2025-06-11 11:16:43,Union Station,Kensington Market,Casual,5095
101076,26.4,2025-06-11 12:49:42,2025-06-11 13:16:06,High Park,Union Station,Annual Member,5096
101077,24.4,2025-06-11 12:31:45,2025-06-11 12:56:09,Riverdale Park,Harbourfront Centre,Casual,5097
101078,12.2,2025-06-11 12:50:24,2025-06-11 13:02:36,Union Station,Kensington Market,Annual Member,5098
101079,26.1,2025-06-11 12:56:10,2025-06-11 13:22:16,Harbourfront Centre,Bloor-Yonge,Casual,5099
101080,26.1,2025-06-11 13:32:28,2025-06-11 13:58:34,Riverdale Park,Harbourfront Centre,Annual Member,5100
101081,31.6,2025-06-11 13:14:45,2025-06-11 13:46:21,Union Station,Kensington Market,Casual,5101
101082,25.2,2025-06-11 13:06:34,2025-06-11 13:31:46,Harbourfront Centre,Bloor-Yonge,Annual Member,5102
101083,39.6,2025-06-11 13:10:20,2025-06-11 13:49:56,Kensington Market,High Park,Casual,5103
101084,11.3,2025-06-11 14:22:42,2025-06-11 14:34:00,Union Station,Kensington Market,Annual Member,5104
101085,19.3,2025-06-11 14:05:22,2025-06-11 14:24:40,Harbourfront Centre,Bloor-Yonge,Casual,5105
101086,11.5,2025-06-11 14:14:32,2025-06-11 14:26:02,Kensington Market,High Park,Annual Member,5106
101087,57.6,2025-06-11 14:41:46,2025-06-11 15:39:22,Bloor-Yonge,Riverdale Park,Casual,5107
101088,9.5,2025-06-11 15:05:28,2025-06-11 15:14:58,Harbourfront Centre,Bloor-Yonge,Annual Member,5108
101089,30.7,2025-06-11 15:33:00,2025-06-11 16:03:42,Kensington Market,High Park,Casual,5109
101090,16.5,2025-06-11 15:05:54,2025-06-11 15:22:24,Bloor-Yonge,Riverdale Park,Annual Member,5110
101091,17.1,2025-06-11 15:38:59,2025-06-11 15:56:05,High Park,Union Station,Casual,5111
101092,15.8,2025-06-11 16:28:32,2025-06-11 16:44:20,Kensington Market,High Park,Annual Member,5112
101093,25.6,2025-06-11 16:10:02,2025-06-11 16:35:38,Bloor-Yonge,Riverdale Park,Casual,5113
101094,20.4,2025-06-11 16:26:27,2025-06-11 16:46:51,High Park,Union Station,Annual Member,5114
101095,32.2,2025-06-11 16:36:04,2025-06-11 17:08:16,Riverdale Park,Harbourfront Centre,Casual,5115
101096,14.3,2025-06-11 16:51:00,2025-06-11 17:05:18,Union Station,Kensington Market,Annual Member,5116
101097,37.4,2025-06-11 16:22:44,2025-06-11 17:00:08,Harbourfront Centre,Bloor-Yonge,Casual,5117
101098,26.6,2025-06-11 17:49:13,2025-06-11 18:15:49,Bloor-Yonge,Riverdale Park,Annual Member,5118
101099,18.8,2025-06-11 17:05:39,2025-06-11 17:24:27,High Park,Union Station,Casual,5119
101100,13.2,2025-06-11 17:36:42,2025-06-11 17:49:54,Riverdale Park,Harbourfront Centre,Annual Member,5120
101101,27.1,2025-06-11 17:18:21,2025-06-11 17:45:27,Union Station,Kensington Market,Casual,5121
101102,12.5,2025-06-11 17:59:42,2025-06-11 18:12:12,Harbourfront Centre,Bloor-Yonge,Annual Member,5122
101103,12.8,2025-06-11 17:25:49,2025-06-11 17:38:37,Kensington Market,High Park,Casual,5123
101104,12.0,2025-06-11 17:10:16,2025-06-11 17:22:16,Bloor-Yonge,Riverdale Park,Annual Member,5124
101105,40.1,2025-06-11 17:31:11,2025-06-11 18:11:17,High Park,Union Station,Casual,5125
101106,17.8,2025-06-11 17:05:18,2025-06-11 17:23:06,Riverdale Park,Harbourfront Centre,Annual Member,5126
101107,14.4,2025-06-11 18:24:20,2025-06-11 18:38:44,High Park,Union Station,Annual Member,5127
101108,39.2,2025-06-11 18:11:57,2025-06-11 18:51:09,Riverdale Park,Harbourfront Centre,Casual,5128
101109,13.9,2025-06-11 18:49:25,2025-06-11 19:03:19,Union Station,Kensington Market,Annual Member,5129
101110,45.6,2025-06-11 18:34:37,2025-06-11 19:20:13,Harbourfront Centre,Bloor-Yonge,Casual,5130
101111,23.3,2025-06-11 18:57:30,2025-06-11 19:20:48,Kensington Market,High Park,Annual Member,5131
101112,57.3,2025-06-11 18:45:59,2025-06-11 19:43:17,Bloor-Yonge,Riverdale Park,Casual,5132
101113,27.4,2025-06-11 18:00:30,2025-06-11 18:27:54,High Park,Union Station,Annual Member,5133
101114,51.0,2025-06-11 18:45:04,2025-06-11 19:36:04,Riverdale Park,Harbourfront Centre,Casual,5134
101115,17.7,2025-06-11 18:12:53,2025-06-11 18:30:35,Union Station,Kensington Market,Annual Member,5135
101116,14.5,2025-06-11 19:29:55,2025-06-11 19:44:25,Riverdale Park,Harbourfront Centre,Annual Member,5136
101117,28.5,2025-06-11 19:38:55,2025-06-11 20:07:25,Union Station,Kensington Market,Casual,5137
101118,23.5,2025-06-11 19:24:24,2025-06-11 19:47:54,Harbourfront Centre,Bloor-Yonge,Annual Member,5138
101119,35.8,2025-06-11 19:27:40,2025-06-11 20:03:28,Kensington Market,High Park,Casual,5139
101120,11.0,2025-06-11 19:50:18,2025-06-11 20:01:18,Bloor-Yonge,Riverdale Park,Annual Member,5140
101121,28.4,2025-06-11 19:39:35,2025-06-11 20:07:59,High Park,Union Station,Casual,5141
101122,42.3,2025-06-11 20:59:34,2025-06-11 21:41:52,Union Station,Kensington Market,Annual Member,5142
101123,25.4,2025-06-11 20:56:06,2025-06-11 21:21:30,Harbourfront Centre,Bloor-Yonge,Casual,5143
101124,16.1,2025-06-11 21:22:21,2025-06-11 21:38:27,Harbourfront Centre,Bloor-Yonge,Annual Member,5144
101125,33.4,2025-06-11 21:56:12,2025-06-11 22:29:36,Kensington Market,High Park,Casual,5145
101126,25.6,2025-06-11 22:37:17,2025-06-11 23:02:53,Kensington Market,High Park,Annual Member,5146
101127,18.9,2025-06-11 22:27:01,2025-06-11 22:45:55,Bloor-Yonge,Riverdale Park,Casual,5147
101128,27.2,2025-06-11 23:15:36,2025-06-11 23:42:48,Bloor-Yonge,Riverdale Park,Annual Member,5148
101129,40.7,2025-06-11 23:40:31,2025-06-12 00:21:13,High Park,Union Station,Casual,5149
101130,23.3,2025-06-12 00:55:34,2025-06-12 01:18:52,Riverdale Park,Harbourfront Centre,Annual Member,5150
101131,17.5,2025-06-12 00:13:10,2025-06-12 00:30:40,Union Station,Kensington Market,Casual,5151
101132,23.4,2025-06-12 01:17:42,2025-06-12 01:41:06,Union Station,Kensington Market,Annual Member,5152
101133,34.7,2025-06-12 01:22:56,2025-06-12 01:57:38,Harbourfront Centre,Bloor-Yonge,Casual,5153
101134,29.7,2025-06-12 02:53:45,2025-06-12 03:23:27,Harbourfront Centre,Bloor-Yonge,Annual Member,5154
101135,47.8,2025-06-12 02:20:20,2025-06-12 03:08:08,Kensington Market,High Park,Casual,5155
101136,12.0,2025-06-12 03:10:08,2025-06-12 03:22:08,Kensington Market,High Park,Annual Member,5156
101137,27.2,2025-06-12 03:39:21,2025-06-12 04:06:33,Bloor-Yonge,Riverdale Park,Casual,5157
101138,14.3,2025-06-12 04:57:12,2025-06-12 05:11:30,Bloor-Yonge,Riverdale Park,Annual Member,5158
101139,25.5,2025-06-12 04:53:51,2025-06-12 05:19:21,High Park,Union Station,Casual,5159
101140,15.3,2025-06-12 05:12:13,2025-06-12 05:27:31,High Park,Union Station,Annual Member,5160
101141,27.7,2025-06-12 05:42:22,2025-06-12 06:10:04,Riverdale Park,Harbourfront Centre,Casual,5161
101142,27.0,2025-06-12 06:31:02,2025-06-12 06:58:02,Riverdale Park,Harbourfront Centre,Annual Member,5162
101143,33.0,2025-06-12 06:48:27,2025-06-12 07:21:27,Union Station,Kensington Market,Casual,5163
101144,11.8,2025-06-12 07:45:05,2025-06-12 07:56:53,Union Station,Kensington Market,Annual Member,5164
101145,10.6,2025-06-12 07:53:06,2025-06-12 08:03:42,Harbourfront Centre,Bloor-Yonge,Casual,5165
101146,10.2,2025-06-12 07:28:19,2025-06-12 07:38:31,Kensington Market,High Park,Annual Member,5166
101147,16.7,2025-06-12 07:33:52,2025-06-12 07:50:34,Bloor-Yonge,Riverdale Park,Casual,5167
101148,13.0,2025-06-12 07:42:44,2025-06-12 07:55:44,High Park,Union Station,Annual Member,5168
101149,17.4,2025-06-12 07:10:30,2025-06-12 07:27:54,Riverdale Park,Harbourfront Centre,Casual,5169
101150,10.4,2025-06-12 08:02:21,2025-06-12 08:12:45,Harbourfront Centre,Bloor-Yonge,Annual Member,5170
101151,52.5,2025-06-12 08:44:28,2025-06-12 09:36:58,Kensington Market,High Park,Casual,5171
101152,15.4,2025-06-12 08:17:45,2025-06-12 08:33:09,Bloor-Yonge,Riverdale Park,Annual Member,5172
101153,24.0,2025-06-12 08:26:32,2025-06-12 08:50:32,High Park,Union Station,Casual,5173
101154,10.8,2025-06-12 08:35:58,2025-06-12 08:46:46,Riverdale Park,Harbourfront Centre,Annual Member,5174
101155,15.9,2025-06-12 08:36:47,2025-06-12 08:52:41,Union Station,Kensington Market,Casual,5175
101156,21.0,2025-06-12 08:32:51,2025-06-12 08:53:51,Harbourfront Centre,Bloor-Yonge,Annual Member,5176
101157,26.8,2025-06-12 08:48:54,2025-06-12 09:15:42,Kensington Market,High Park,Casual,5177
101158,19.2,2025-06-12 08:26:48,2025-06-12 08:46:00,Bloor-Yonge,Riverdale Park,Annual Member,5178
101159,16.9,2025-06-12 09:18:20,2025-06-12 09:35:14,Kensington Market,High Park,Annual Member,5179
101160,13.0,2025-06-12 09:39:04,2025-06-12 09:52:04,Bloor-Yonge,Riverdale Park,Casual,5000
101161,36.0,2025-06-12 09:48:48,2025-06-12 10:24:48,High Park,Union Station,Annual Member,5001
101162,18.7,2025-06-12 09:52:14,2025-06-12 10:10:56,Riverdale Park,Harbourfront Centre,Casual,5002
101163,27.9,2025-06-12 09:27:18,2025-06-12 09:55:12,Union Station,Kensington Market,Annual Member,5003
101164,24.7,2025-06-12 09:10:01,2025-06-12 09:34:43,Harbourfront Centre,Bloor-Yonge,Casual,5004
101165,36.5,2025-06-12 10:24:08,2025-06-12 11:00:38,Bloor-Yonge,Riverdale Park,Annual Member,5005
101166,29.9,2025-06-12 10:00:57,2025-06-12 10:30:51,High Park,Union Station,Casual,5006
101167,31.9,2025-06-12 10:33:21,2025-06-12 11:05:15,Riverdale Park,Harbourfront Centre,Annual Member,5007
101168,28.2,2025-06-12 10:32:46,2025-06-12 11:00:58,Union Station,Kensington Market,Casual,5008
101169,12.2,2025-06-12 11:29:15,2025-06-12 11:41:27,High Park,Union Station,Annual Member,5009
101170,31.7,2025-06-12 11:24:34,2025-06-12 11:56:16,Riverdale Park,Harbourfront Centre,Casual,5010
101171,10.6,2025-06-12 11:09:44,2025-06-12 11:20:20,Union Station,Kensington Market,Annual Member,5011
101172,22.6,2025-06-12 11:21:29,2025-06-12 11:44:05,Harbourfront Centre,Bloor-Yonge,Casual,5012
101173,11.6,2025-06-12 12:12:08,2025-06-12 12:23:44,Riverdale Park,Harbourfront Centre,Annual Member,5013
101174,17.8,2025-06-12 12:48:10,2025-06-12 13:05:58,Union Station,Kensington Market,Casual,5014
101175,19.5,2025-06-12 12:32:09,2025-06-12 12:51:39,Harbourfront Centre,Bloor-Yonge,Annual Member,5015
101176,23.6,2025-06-12 12:38:28,2025-06-12 13:02:04,Kensington Market,High Park,Casual,5016
101177,17.5,2025-06-12 13:16:28,2025-06-12 13:33:58,Union Station,Kensington Market,Annual Member,5017
101178,27.8,2025-06-12 13:02:38,2025-06-12 13:30:26,Harbourfront Centre,Bloor-Yonge,Casual,5018
101179,16.4,2025-06-12 13:51:04,2025-06-12 14:07:28,Kensington Market,High Park,Annual Member,5019
101180,20.2,2025-06-12 13:22:27,2025-06-12 13:42:39,Bloor-Yonge,Riverdale Park,Casual,5020
101181,27.9,2025-06-12 14:23:51,2025-06-12 14:51:45,Harbourfront Centre,Bloor-Yonge,Annual Member,5021
101182,26.8,2025-06-12 14:21:33,2025-06-12 14:48:21,Kensington Market,High Park,Casual,5022
101183,12.9,2025-06-12 14:55:54,2025-06-12 15:08:48,Bloor-Yonge,Riverdale Park,Annual Member,5023
101184,41.8,2025-06-12 14:03:03,2025-06-12 14:44:51,High Park,Union Station,Casual,5024
101185,19.6,2025-06-12 15:48:58,2025-06-12 16:08:34,Kensington Market,High Park,Annual Member,5025
101186,42.6,2025-06-12 15:33:29,2025-06-12 16:16:05,Bloor-Yonge,Riverdale Park,Casual,5026
101187,10.8,2025-06-12 15:16:54,2025-06-12 15:27:42,High Park,Union Station,Annual Member,5027
101188,25.0,2025-06-12 15:39:21,2025-06-12 16:04:21,Riverdale Park,Harbourfront Centre,Casual,5028
101189,15.4,2025-06-12 16:34:18,2025-06-12 16:49:42,Bloor-Yonge,Riverdale Park,Annual Member,5029
101190,64.8,2025-06-12 16:31:01,2025-06-12 17:35:49,High Park,Union Station,Casual,5030
101191,31.3,2025-06-12 16:18:13,2025-06-12 16:49:31,Riverdale Park,Harbourfront Centre,Annual Member,5031
101192,52.2,2025-06-12 16:04:43,2025-06-12 16:56:55,Union Station,Kensington Market,Casual,5032
101193,30.2,2025-06-12 16:47:40,2025-06-12 17:17:52,Harbourfront Centre,Bloor-Yonge,Annual Member,5033
101194,31.8,2025-06-12 16:03:47,2025-06-12 16:35:35,Kensington Market,High Park,Casual,5034
101195,25.3,2025-06-12 17:13:25,2025-06-12 17:38:43,High Park,Union Station,Annual Member,5035
101196,23.5,2025-06-12 17:52:15,2025-06-12 18:15:45,Riverdale Park,Harbourfront Centre,Casual,5036
101197,12.1,2025-06-12 17:51:30,2025-06-12 18:03:36,Union Station,Kensington Market,Annual Member,5037
101198,32.7,2025-06-12 17:18:06,2025-06-12 17:50:48,Harbourfront Centre,Bloor-Yonge,Casual,5038
101199,25.8,2025-06-12 17:41:28,2025-06-12 18:07:16,Kensington Market,High Park,Annual Member,5039
101200,54.7,2025-06-12 17:46:58,2025-06-12 18:41:40,Bloor-Yonge,Riverdale Park,Casual,5040
101201,28.7,2025-06-12 17:55:32,2025-06-12 18:24:14,High Park,Union Station,Annual Member,5041
101202,24.5,2025-06-12 17:51:44,2025-06-12 18:16:14,Riverdale Park,Harbourfront Centre,Casual,5042
101203,46.8,2025-06-12 17:29:09,2025-06-12 18:15:57,Union Station,Kensington Market,Annual Member,5043
101204,12.5,2025-06-12 18:55:58,2025-06-12 19:08:28,Riverdale Park,Harbourfront Centre,Annual Member,5044
101205,37.2,2025-06-12 18:38:07,2025-06-12 19:15:19,Union Station,Kensington Market,Casual,5045
101206,10.2,2025-06-12 18:28:10,2025-06-12 18:38:22,Harbourfront Centre,Bloor-Yonge,Annual Member,5046
101207,30.1,2025-06-12 18:03:13,2025-06-12 18:33:19,Kensington Market,High Park,Casual,5047
101208,61.6,2025-06-12 18:51:49,2025-06-12 19:53:25,Bloor-Yonge,Riverdale Park,Annual Member,5048
101209,37.9,2025-06-12 18:14:54,2025-06-12 18:52:48,High Park,Union Station,Casual,5049
101210,11.9,2025-06-12 18:42:06,2025-06-12 18:54:00,Riverdale Park,Harbourfront Centre,Annual Member,5050
101211,32.3,2025-06-12 18:37:15,2025-06-12 19:09:33,Union Station,Kensington Market,Casual,5051
101212,12.9,2025-06-12 18:52:53,2025-06-12 19:05:47,Harbourfront Centre,Bloor-Yonge,Annual Member,5052
101213,3.9,2025-06-12 19:06:02,2025-06-12 19:09:56,Union Station,Kensington Market,Annual Member,5053
101214,54.9,2025-06-12 19:27:48,2025-06-12 20:22:42,Harbourfront Centre,Bloor-Yonge,Casual,5054
101215,30.3,2025-06-12 19:47:37,2025-06-12 20:17:55,Kensington Market,High Park,Annual Member,5055
101216,28.2,2025-06-12 19:32:42,2025-06-12 20:00:54,Bloor-Yonge,Riverdale Park,Casual,5056
101217,28.0,2025-06-12 19:14:46,2025-06-12 19:42:46,High Park,Union Station,Annual Member,5057
101218,49.3,2025-06-12 19:03:34,2025-06-12 19:52:52,Riverdale Park,Harbourfront Centre,Casual,5058
101219,22.8,2025-06-12 20:41:09,2025-06-12 21:03:57,Harbourfront Centre,Bloor-Yonge,Annual Member,5059
101220,43.2,2025-06-12 20:06:45,2025-06-12 20:49:57,Kensington Market,High Park,Casual,5060
101221,37.5,2025-06-12 21:57:46,2025-06-12 22:35:16,Kensington Market,High Park,Annual Member,5061
101222,25.9,2025-06-12 21:38:38,2025-06-12 22:04:32,Bloor-Yonge,Riverdale Park,Casual,5062
101223,50.4,2025-06-12 22:07:53,2025-06-12 22:58:17,Bloor-Yonge,Riverdale Park,Annual Member,5063
101224,35.8,2025-06-12 22:09:41,2025-06-12 22:45:29,High Park,Union Station,Casual,5064
101225,15.7,2025-06-12 23:09:55,2025-06-12 23:25:37,High Park,Union Station,Annual Member,5065
101226,12.9,2025-06-12 23:56:05,2025-06-13 00:08:59,Riverdale Park,Harbourfront Centre,Casual,5066
101227,13.8,2025-06-13 00:43:30,2025-06-13 00:57:18,Union Station,Kensington Market,Annual Member,5067
101228,33.5,2025-06-13 00:23:35,2025-06-13 00:57:05,Harbourfront Centre,Bloor-Yonge,Casual,5068
101229,15.7,2025-06-13 01:04:52,2025-06-13 01:20:34,Harbourfront Centre,Bloor-Yonge,Annual Member,5069
101230,30.6,2025-06-13 01:07:51,2025-06-13 01:38:27,Kensington Market,High Park,Casual,5070
101231,18.6,2025-06-13 02:09:18,2025-06-13 02:27:54,Kensington Market,High Park,Annual Member,5071
101232,23.9,2025-06-13 02:43:09,2025-06-13 03:07:03,Bloor-Yonge,Riverdale Park,Casual,5072
101233,13.3,2025-06-13 03:22:58,2025-06-13 03:36:16,Bloor-Yonge,Riverdale Park,Annual Member,5073
101234,23.5,2025-06-13 03:55:41,2025-06-13 04:19:11,High Park,Union Station,Casual,5074
101235,30.3,2025-06-13 04:25:43,2025-06-13 04:56:01,High Park,Union Station,Annual Member,5075
101236,22.1,2025-06-13 04:32:12,2025-06-13 04:54:18,Riverdale Park,Harbourfront Centre,Casual,5076
101237,9.5,2025-06-13 05:17:45,2025-06-13 05:27:15,Riverdale Park,Harbourfront Centre,Annual Member,5077
101238,37.3,2025-06-13 05:31:55,2025-06-13 06:09:13,Union Station,Kensington Market,Casual,5078
101239,15.7,2025-06-13 06:56:13,2025-06-13 07:11:55,Union Station,Kensington Market,Annual Member,5079
101240,40.1,2025-06-13 06:10:54,2025-06-13 06:51:00,Harbourfront Centre,Bloor-Yonge,Casual,5080
101241,25.3,2025-06-13 07:18:49,2025-06-13 07:44:07,Harbourfront Centre,Bloor-Yonge,Annual Member,5081
101242,35.3,2025-06-13 07:27:17,2025-06-13 08:02:35,Kensington Market,High Park,Casual,5082
101243,17.7,2025-06-13 07:55:53,2025-06-13 08:13:35,Bloor-Yonge,Riverdale Park,Annual Member,5083
101244,18.3,2025-06-13 07:26:01,2025-06-13 07:44:19,High Park,Union Station,Casual,5084
101245,33.6,2025-06-13 07:34:20,2025-06-13 08:07:56,Riverdale Park,Harbourfront Centre,Annual Member,5085
101246,35.9,2025-06-13 07:45:14,2025-06-13 08:21:08,Union Station,Kensington Market,Casual,5086
101247,20.4,2025-06-13 08:11:37,2025-06-13 08:32:01,Kensington Market,High Park,Annual Member,5087
101248,40.5,2025-06-13 08:48:38,2025-06-13 09:29:08,Bloor-Yonge,Riverdale Park,Casual,5088
101249,24.7,2025-06-13 08:11:25,2025-06-13 08:36:07,High Park,Union Station,Annual Member,5089
101250,34.9,2025-06-13 08:11:03,2025-06-13 08:45:57,Riverdale Park,Harbourfront Centre,Casual,5090
101251,9.3,2025-06-13 08:21:58,2025-06-13 08:31:16,Union Station,Kensington Market,Annual Member,5091
101252,45.2,2025-06-13 08:04:26,2025-06-13 08:49:38,Harbourfront Centre,Bloor-Yonge,Casual,5092
101253,14.0,2025-06-13 08:31:26,2025-06-13 08:45:26,Kensington Market,High Park,Annual Member,5093
101254,17.8,2025-06-13 08:14:54,2025-06-13 08:32:42,Bloor-Yonge,Riverdale Park,Casual,5094
101255,21.9,2025-06-13 08:41:10,2025-06-13 09:03:04,High Park,Union Station,Annual Member,5095
101256,13.2,2025-06-13 09:41:25,2025-06-13 09:54:37,Bloor-Yonge,Riverdale Park,Annual Member,5096
101257,26.3,2025-06-13 09:09:41,2025-06-13 09:35:59,High Park,Union Station,Casual,5097
101258,25.5,2025-06-13 09:00:13,2025-06-13 09:25:43,Riverdale Park,Harbourfront Centre,Annual Member,5098
101259,26.0,2025-06-13 09:59:50,2025-06-13 10:25:50,Union Station,Kensington Market,Casual,5099
101260,14.9,2025-06-13 09:05:31,2025-06-13 09:20:25,Harbourfront Centre,Bloor-Yonge,Annual Member,5100
101261,41.5,2025-06-13 09:44:13,2025-06-13 10:25:43,Kensington Market,High Park,Casual,5101
101262,41.0,2025-06-13 10:25:57,2025-06-13 11:06:57,High Park,Union Station,Annual Member,5102
101263,19.7,2025-06-13 10:20:09,2025-06-13 10:39:51,Riverdale Park,Harbourfront Centre,Casual,5103
101264,31.8,2025-06-13 10:13:26,2025-06-13 10:45:14,Union Station,Kensington Market,Annual Member,5104
101265,36.6,2025-06-13 10:44:13,2025-06-13 11:20:49,Harbourfront Centre,Bloor-Yonge,Casual,5105
101266,20.0,2025-06-13 11:33:04,2025-06-13 11:53:04,Riverdale Park,Harbourfront Centre,Annual Member,5106
101267,18.3,2025-06-13 11:56:27,2025-06-13 12:14:45,Union Station,Kensington Market,Casual,5107
101268,27.3,2025-06-13 11:56:54,2025-06-13 12:24:12,Harbourfront Centre,Bloor-Yonge,Annual Member,5108
101269,26.5,2025-06-13 11:55:17,2025-06-13 12:21:47,Kensington Market,High Park,Casual,5109
101270,20.8,2025-06-13 12:15:50,2025-06-13 12:36:38,Union Station,Kensington Market,Annual Member,5110
101271,14.1,2025-06-13 12:47:02,2025-06-13 13:01:08,Harbourfront Centre,Bloor-Yonge,Casual,5111
101272,15.1,2025-06-13 12:34:55,2025-06-13 12:50:01,Kensington Market,High Park,Annual Member,5112
101273,26.8,2025-06-13 12:42:53,2025-06-13 13:09:41,Bloor-Yonge,Riverdale Park,Casual,5113
101274,18.3,2025-06-13 13:49:04,2025-06-13 14:07:22,Harbourfront Centre,Bloor-Yonge,Annual Member,5114
101275,38.9,2025-06-13 13:07:50,2025-06-13 13:46:44,Kensington Market,High Park,Casual,5115
101276,21.9,2025-06-13 13:11:11,2025-06-13 13:33:05,Bloor-Yonge,Riverdale Park,Annual Member,5116
101277,34.2,2025-06-13 13:45:26,2025-06-13 14:19:38,High Park,Union Station,Casual,5117
101278,18.3,2025-06-13 14:20:32,2025-06-13 14:38:50,Kensington Market,High Park,Annual Member,5118
101279,19.3,2025-06-13 14:23:54,2025-06-13 14:43:12,Bloor-Yonge,Riverdale Park,Casual,5119
101280,24.8,2025-06-13 14:26:36,2025-06-13 14:51:24,High Park,Union Station,Annual Member,5120
101281,29.6,2025-06-13 14:09:58,2025-06-13 14:39:34,Riverdale Park,Harbourfront Centre,Casual,5121
101282,5.8,2025-06-13 15:06:13,2025-06-13 15:12:01,Bloor-Yonge,Riverdale Park,Annual Member,5122
101283,24.4,2025-06-13 15:42:02,2025-06-13 16:06:26,High Park,Union Station,Casual,5123
101284,52.1,2025-06-13 15:29:00,2025-06-13 16:21:06,Riverdale Park,Harbourfront Centre,Annual Member,5124
101285,45.5,2025-06-13 15:21:06,2025-06-13 16:06:36,Union Station,Kensington Market,Casual,5125
101286,14.6,2025-06-13 16:38:13,2025-06-13 16:52:49,High Park,Union Station,Annual Member,5126
101287,40.3,2025-06-13 16:54:12,2025-06-13 17:34:30,Riverdale Park,Harbourfront Centre,Casual,5127
101288,17.6,2025-06-13 16:00:11,2025-06-13 16:17:47,Union Station,Kensington Market,Annual Member,5128
101289,54.1,2025-06-13 16:10:20,2025-06-13 17:04:26,Harbourfront Centre,Bloor-Yonge,Casual,5129
101290,31.0,2025-06-13 16:19:45,2025-06-13 16:50:45,Kensington Market,High Park,Annual Member,5130
101291,10.3,2025-06-13 16:03:16,2025-06-13 16:13:34,Bloor-Yonge,Riverdale Park,Casual,5131
101292,34.8,2025-06-13 17:19:23,2025-06-13 17:54:11,Riverdale Park,Harbourfront Centre,Annual Member,5132
101293,24.1,2025-06-13 17:42:50,2025-06-13 18:06:56,Union Station,Kensington Market,Casual,5133
101294,6.8,2025-06-13 17:53:52,2025-06-13 18:00:40,Harbourfront Centre,Bloor-Yonge,Annual Member,5134
101295,22.7,2025-06-13 17:43:03,2025-06-13 18:05:45,Kensington Market,High Park,Casual,5135
101296,8.6,2025-06-13 17:48:04,2025-06-13 17:56:40,Bloor-Yonge,Riverdale Park,Annual Member,5136
101297,37.3,2025-06-13 17:39:48,2025-06-13 18:17:06,High Park,Union Station,Casual,5137
101298,18.3,2025-06-13 17:52:21,2025-06-13 18:10:39,Riverdale Park,Harbourfront Centre,Annual Member,5138
101299,32.9,2025-06-13 17:23:27,2025-06-13 17:56:21,Union Station,Kensington Market,Casual,5139
101300,17.5,2025-06-13 17:15:48,2025-06-13 17:33:18,Harbourfront Centre,Bloor-Yonge,Annual Member,5140
101301,17.7,2025-06-13 18:30:52,2025-06-13 18:48:34,Union Station,Kensington Market,Annual Member,5141
101302,45.1,2025-06-13 18:16:42,2025-06-13 19:01:48,Harbourfront Centre,Bloor-Yonge,Casual,5142
101303,16.5,2025-06-13 18:25:01,2025-06-13 18:41:31,Kensington Market,High Park,Annual Member,5143
101304,55.5,2025-06-13 18:30:38,2025-06-13 19:26:08,Bloor-Yonge,Riverdale Park,Casual,5144
101305,19.9,2025-06-13 18:36:05,2025-06-13 18:55:59,High Park,Union Station,Annual Member,5145
101306,79.4,2025-06-13 18:24:03,2025-06-13 19:43:27,Riverdale Park,Harbourfront Centre,Casual,5146
101307,12.2,2025-06-13 18:55:39,2025-06-13 19:07:51,Union Station,Kensington Market,Annual Member,5147
101308,45.9,2025-06-13 18:19:46,2025-06-13 19:05:40,Harbourfront Centre,Bloor-Yonge,Casual,5148
101309,35.4,2025-06-13 18:20:57,2025-06-13 18:56:21,Kensington Market,High Park,Annual Member,5149
101310,8.9,2025-06-13 19:55:47,2025-06-13 20:04:41,Harbourfront Centre,Bloor-Yonge,Annual Member,5150
101311,24.5,2025-06-13 19:43:59,2025-06-13 20:08:29,Kensington Market,High Park,Casual,5151
101312,15.7,2025-06-13 19:05:03,2025-06-13 19:20:45,Bloor-Yonge,Riverdale Park,Annual Member,5152
101313,31.1,2025-06-13 19:21:48,2025-06-13 19:52:54,High Park,Union Station,Casual,5153
101314,13.7,2025-06-13 19:52:04,2025-06-13 20:05:46,Riverdale Park,Harbourfront Centre,Annual Member,5154
101315,58.0,2025-06-13 19:45:03,2025-06-13 20:43:03,Union Station,Kensington Market,Casual,5155
101316,25.0,2025-06-13 20:11:02,2025-06-13 20:36:02,Kensington Market,High Park,Annual Member,5156
101317,22.2,2025-06-13 20:11:58,2025-06-13 20:34:10,Bloor-Yonge,Riverdale Park,Casual,5157
101318,15.4,2025-06-13 21:17:45,2025-06-13 21:33:09,Bloor-Yonge,Riverdale Park,Annual Member,5158
101319,25.1,2025-06-13 21:07:27,2025-06-13 21:32:33,High Park,Union Station,Casual,5159
101320,12.8,2025-06-13 22:13:20,2025-06-13 22:26:08,High Park,Union Station,Annual Member,5160
101321,49.6,2025-06-13 22:44:15,2025-06-13 23:33:51,Riverdale Park,Harbourfront Centre,Casual,5161
101322,60.5,2025-06-13 23:02:14,2025-06-14 00:02:44,Riverdale Park,Harbourfront Centre,Annual Member,5162
101323,29.8,2025-06-13 23:41:38,2025-06-14 00:11:26,Union Station,Kensington Market,Casual,5163
101324,14.3,2025-06-14 00:26:24,2025-06-14 00:40:42,Harbourfront Centre,Bloor-Yonge,Annual Member,5164
101325,35.1,2025-06-14 00:27:20,2025-06-14 01:02:26,Kensington Market,High Park,Casual,5165
101326,43.3,2025-06-14 01:25:58,2025-06-14 02:09:16,Kensington Market,High Park,Annual Member,5166
101327,29.6,2025-06-14 01:54:09,2025-06-14 02:23:45,Bloor-Yonge,Riverdale Park,Casual,5167
101328,15.5,2025-06-14 02:23:18,2025-06-14 02:38:48,Bloor-Yonge,Riverdale Park,Annual Member,5168
101329,18.3,2025-06-14 02:40:39,2025-06-14 02:58:57,High Park,Union Station,Casual,5169
101330,14.0,2025-06-14 03:00:51,2025-06-14 03:14:51,High Park,Union Station,Annual Member,5170
101331,13.9,2025-06-14 03:15:34,2025-06-14 03:29:28,Riverdale Park,Harbourfront Centre,Casual,5171
101332,7.9,2025-06-14 04:16:08,2025-06-14 04:24:02,Riverdale Park,Harbourfront Centre,Annual Member,5172
101333,9.2,2025-06-14 04:36:45,2025-06-14 04:45:57,Union Station,Kensington Market,Casual,5173
101334,20.0,2025-06-14 05:33:20,2025-06-14 05:53:20,Union Station,Kensington Market,Annual Member,5174
101335,37.9,2025-06-14 05:54:57,2025-06-14 06:32:51,Harbourfront Centre,Bloor-Yonge,Casual,5175
101336,13.5,2025-06-14 06:22:12,2025-06-14 06:35:42,Harbourfront Centre,Bloor-Yonge,Annual Member,5176
101337,27.9,2025-06-14 06:25:51,2025-06-14 06:53:45,Kensington Market,High Park,Casual,5177
101338,19.9,2025-06-14 07:58:06,2025-06-14 08:18:00,Kensington Market,High Park,Annual Member,5178
101339,40.4,2025-06-14 07:43:50,2025-06-14 08:24:14,Bloor-Yonge,Riverdale Park,Casual,5179
101340,35.1,2025-06-14 07:24:28,2025-06-14 07:59:34,High Park,Union Station,Annual Member,5000
101341,14.6,2025-06-14 07:47:42,2025-06-14 08:02:18,Riverdale Park,Harbourfront Centre,Casual,5001
101342,26.3,2025-06-14 07:17:46,2025-06-14 07:44:04,Union Station,Kensington Market,Annual Member,5002
101343,40.6,2025-06-14 07:30:44,2025-06-14 08:11:20,Harbourfront Centre,Bloor-Yonge,Casual,5003
101344,15.0,2025-06-14 08:59:54,2025-06-14 09:14:54,Bloor-Yonge,Riverdale Park,Annual Member,5004
101345,32.0,2025-06-14 08:39:44,2025-06-14 09:11:44,High Park,Union Station,Casual,5005
101346,16.4,2025-06-14 08:40:26,2025-06-14 08:56:50,Riverdale Park,Harbourfront Centre,Annual Member,5006
101347,68.7,2025-06-14 08:09:15,2025-06-14 09:17:57,Union Station,Kensington Market,Casual,5007
101348,22.7,2025-06-14 08:28:26,2025-06-14 08:51:08,Harbourfront Centre,Bloor-Yonge,Annual Member,5008
101349,29.1,2025-06-14 08:40:41,2025-06-14 09:09:47,Kensington Market,High Park,Casual,5009
101350,15.9,2025-06-14 08:55:44,2025-06-14 09:11:38,Bloor-Yonge,Riverdale Park,Annual Member,5010
101351,60.5,2025-06-14 08:05:34,2025-06-14 09:06:04,High Park,Union Station,Casual,5011
101352,11.5,2025-06-14 08:36:44,2025-06-14 08:48:14,Riverdale Park,Harbourfront Centre,Annual Member,5012
101353,25.6,2025-06-14 09:28:22,2025-06-14 09:53:58,High Park,Union Station,Annual Member,5013
101354,31.0,2025-06-14 09:06:54,2025-06-14 09:37:54,Riverdale Park,Harbourfront Centre,Casual,5014
101355,13.7,2025-06-14 09:02:21,2025-06-14 09:16:03,Union Station,Kensington Market,Annual Member,5015
101356,48.4,2025-06-14 09:25:43,2025-06-14 10:14:07,Harbourfront Centre,Bloor-Yonge,Casual,5016
101357,26.9,2025-06-14 09:10:24,2025-06-14 09:37:18,Kensington Market,High Park,Annual Member,5017
101358,27.0,2025-06-14 09:10:43,2025-06-14 09:37:43,Bloor-Yonge,Riverdale Park,Casual,5018
101359,20.6,2025-06-14 10:46:19,2025-06-14 11:06:55,Riverdale Park,Harbourfront Centre,Annual Member,5019
101360,27.2,2025-06-14 10:18:54,2025-06-14 10:46:06,Union Station,Kensington Market,Casual,5020
101361,18.1,2025-06-14 10:10:51,2025-06-14 10:28:57,Harbourfront Centre,Bloor-Yonge,Annual Member,5021
101362,32.7,2025-06-14 10:18:24,2025-06-14 10:51:06,Kensington Market,High Park,Casual,5022
101363,19.5,2025-06-14 11:16:02,2025-06-14 11:35:32,Union Station,Kensington Market,Annual Member,5023
101364,63.0,2025-06-14 11:26:08,2025-06-14 12:29:08,Harbourfront Centre,Bloor-Yonge,Casual,5024
101365,13.0,2025-06-14 11:11:55,2025-06-14 11:24:55,Kensington Market,High Park,Annual Member,5025
101366,28.1,2025-06-14 11:14:10,2025-06-14 11:42:16,Bloor-Yonge,Riverdale Park,Casual,5026
101367,13.2,2025-06-14 11:08:17,2025-06-14 11:21:29,High Park,Union Station,Annual Member,5027
101368,58.1,2025-06-14 11:24:59,2025-06-14 12:23:05,Riverdale Park,Harbourfront Centre,Casual,5028
101369,12.9,2025-06-14 11:19:07,2025-06-14 11:32:01,Union Station,Kensington Market,Annual Member,5029
101370,16.8,2025-06-14 12:50:00,2025-06-14 13:06:48,Harbourfront Centre,Bloor-Yonge,Annual Member,5030
101371,17.2,2025-06-14 12:09:49,2025-06-14 12:27:01,Kensington Market,High Park,Casual,5031
101372,10.9,2025-06-14 12:24:49,2025-06-14 12:35:43,Bloor-Yonge,Riverdale Park,Annual Member,5032
101373,30.3,2025-06-14 12:34:55,2025-06-14 13:05:13,High Park,Union Station,Casual,5033
101374,11.3,2025-06-14 12:42:54,2025-06-14 12:54:12,Riverdale Park,Harbourfront Centre,Annual Member,5034
101375,10.2,2025-06-14 12:29:01,2025-06-14 12:39:13,Union Station,Kensington Market,Casual,5035
101376,16.7,2025-06-14 12:01:46,2025-06-14 12:18:28,Harbourfront Centre,Bloor-Yonge,Annual Member,5036
101377,8.8,2025-06-14 13:54:28,2025-06-14 14:03:16,Kensington Market,High Park,Annual Member,5037
101378,14.3,2025-06-14 13:15:42,2025-06-14 13:30:00,Bloor-Yonge,Riverdale Park,Casual,5038
101379,16.5,2025-06-14 13:19:51,2025-06-14 13:36:21,High Park,Union Station,Annual Member,5039
101380,31.6,2025-06-14 13:45:44,2025-06-14 14:17:20,Riverdale Park,Harbourfront Centre,Casual,5040
101381,24.9,2025-06-14 13:34:28,2025-06-14 13:59:22,Union Station,Kensington Market,Annual Member,5041
101382,43.7,2025-06-14 13:40:32,2025-06-14 14:24:14,Harbourfront Centre,Bloor-Yonge,Casual,5042
101383,13.4,2025-06-14 13:13:12,2025-06-14 13:26:36,Kensington Market,High Park,Annual Member,5043
101384,6.8,2025-06-14 14:46:57,2025-06-14 14:53:45,Bloor-Yonge,Riverdale Park,Annual Member,5044
101385,43.1,2025-06-14 14:42:53,2025-06-14 15:25:59,High Park,Union Station,Casual,5045
101386,30.1,2025-06-14 14:02:25,2025-06-14 14:32:31,Riverdale Park,Harbourfront Centre,Annual Member,5046
101387,31.3,2025-06-14 14:41:37,2025-06-14 15:12:55,Union Station,Kensington Market,Casual,5047
101388,18.1,2025-06-14 14:13:54,2025-06-14 14:32:00,Harbourfront Centre,Bloor-Yonge,Annual Member,5048
101389,56.4,2025-06-14 14:39:31,2025-06-14 15:35:55,Kensington Market,High Park,Casual,5049
101390,11.4,2025-06-14 14:35:35,2025-06-14 14:46:59,Bloor-Yonge,Riverdale Park,Annual Member,5050
101391,14.8,2025-06-14 15:00:03,2025-06-14 15:14:51,High Park,Union Station,Annual Member,5051
101392,23.0,2025-06-14 15:45:32,2025-06-14 16:08:32,Riverdale Park,Harbourfront Centre,Casual,5052
101393,28.7,2025-06-14 15:18:25,2025-06-14 15:47:07,Union Station,Kensington Market,Annual Member,5053
101394,18.9,2025-06-14 15:19:43,2025-06-14 15:38:37,Harbourfront Centre,Bloor-Yonge,Casual,5054
101395,14.1,2025-06-14 15:38:44,2025-06-14 15:52:50,Kensington Market,High Park,Annual Member,5055
101396,30.4,2025-06-14 15:37:43,2025-06-14 16:08:07,Bloor-Yonge,Riverdale Park,Casual,5056
101397,30.3,2025-06-14 15:09:26,2025-06-14 15:39:44,High Park,Union Station,Annual Member,5057
101398,15.8,2025-06-14 16:24:10,2025-06-14 16:39:58,Riverdale Park,Harbourfront Centre,Annual Member,5058
101399,36.9,2025-06-14 16:11:21,2025-06-14 16:48:15,Union Station,Kensington Market,Casual,5059
101400,17.0,2025-06-14 16:47:30,2025-06-14 17:04:30,Harbourfront Centre,Bloor-Yonge,Annual Member,5060
101401,27.5,2025-06-14 16:44:34,2025-06-14 17:12:04,Kensington Market,High Park,Casual,5061
101402,10.5,2025-06-14 16:34:26,2025-06-14 16:44:56,Bloor-Yonge,Riverdale Park,Annual Member,5062
101403,72.3,2025-06-14 16:52:24,2025-06-14 18:04:42,High Park,Union Station,Casual,5063
101404,17.4,2025-06-14 16:29:12,2025-06-14 16:46:36,Riverdale Park,Harbourfront Centre,Annual Member,5064
101405,31.0,2025-06-14 16:27:01,2025-06-14 16:58:01,Union Station,Kensington Market,Casual,5065
101406,16.4,2025-06-14 16:59:32,2025-06-14 17:15:56,Harbourfront Centre,Bloor-Yonge,Annual Member,5066
101407,15.5,2025-06-14 17:43:22,2025-06-14 17:58:52,Union Station,Kensington Market,Annual Member,5067
101408,18.8,2025-06-14 17:52:34,2025-06-14 18:11:22,Harbourfront Centre,Bloor-Yonge,Casual,5068
101409,17.4,2025-06-14 17:27:21,2025-06-14 17:44:45,Kensington Market,High Park,Annual Member,5069
101410,38.5,2025-06-14 17:44:09,2025-06-14 18:22:39,Bloor-Yonge,Riverdale Park,Casual,5070
101411,12.4,2025-06-14 17:21:28,2025-06-14 17:33:52,High Park,Union Station,Annual Member,5071
101412,40.4,2025-06-14 17:56:37,2025-06-14 18:37:01,Riverdale Park,Harbourfront Centre,Casual,5072
101413,18.8,2025-06-14 17:52:19,2025-06-14 18:11:07,Union Station,Kensington Market,Annual Member,5073
101414,28.3,2025-06-14 17:02:31,2025-06-14 17:30:49,Harbourfront Centre,Bloor-Yonge,Casual,5074
101415,12.0,2025-06-14 17:57:31,2025-06-14 18:09:31,Kensington Market,High Park,Annual Member,5075
101416,18.0,2025-06-14 17:12:12,2025-06-14 17:30:12,Bloor-Yonge,Riverdale Park,Casual,5076
101417,9.6,2025-06-14 17:49:09,2025-06-14 17:58:45,High Park,Union Station,Annual Member,5077
101418,31.9,2025-06-14 17:06:20,2025-06-14 17:38:14,Riverdale Park,Harbourfront Centre,Casual,5078
101419,28.9,2025-06-14 18:39:54,2025-06-14 19:08:48,Harbourfront Centre,Bloor-Yonge,Annual Member,5079
101420,21.3,2025-06-14 18:20:10,2025-06-14 18:41:28,Kensington Market,High Park,Casual,5080
101421,41.5,2025-06-14 18:35:28,2025-06-14 19:16:58,Bloor-Yonge,Riverdale Park,Annual Member,5081
101422,14.2,2025-06-14 18:05:44,2025-06-14 18:19:56,High Park,Union Station,Casual,5082
101423,10.5,2025-06-14 18:13:04,2025-06-14 18:23:34,Riverdale Park,Harbourfront Centre,Annual Member,5083
101424,14.1,2025-06-14 18:32:20,2025-06-14 18:46:26,Union Station,Kensington Market,Casual,5084
101425,36.4,2025-06-14 18:40:46,2025-06-14 19:17:10,Harbourfront Centre,Bloor-Yonge,Annual Member,5085
101426,37.3,2025-06-14 18:03:56,2025-06-14 18:41:14,Kensington Market,High Park,Casual,5086
101427,9.5,2025-06-14 18:07:53,2025-06-14 18:17:23,Bloor-Yonge,Riverdale Park,Annual Member,5087
101428,16.8,2025-06-14 19:27:23,2025-06-14 19:44:11,Kensington Market,High Park,Annual Member,5088
101429,50.1,2025-06-14 19:33:10,2025-06-14 20:23:16,Bloor-Yonge,Riverdale Park,Casual,5089
101430,14.0,2025-06-14 19:02:59,2025-06-14 19:16:59,High Park,Union Station,Annual Member,5090
101431,38.7,2025-06-14 19:33:57,2025-06-14 20:12:39,Riverdale Park,Harbourfront Centre,Casual,5091
101432,17.7,2025-06-14 19:15:35,2025-06-14 19:33:17,Union Station,Kensington Market,Annual Member,5092
101433,32.8,2025-06-14 19:51:06,2025-06-14 20:23:54,Harbourfront Centre,Bloor-Yonge,Casual,5093
101434,24.6,2025-06-14 20:46:35,2025-06-14 21:11:11,Bloor-Yonge,Riverdale Park,Annual Member,5094
101435,18.0,2025-06-14 20:51:34,2025-06-14 21:09:34,High Park,Union Station,Casual,5095
101436,8.8,2025-06-14 21:48:16,2025-06-14 21:57:04,High Park,Union Station,Annual Member,5096
101437,43.0,2025-06-14 21:58:06,2025-06-14 22:41:06,Riverdale Park,Harbourfront Centre,Casual,5097
101438,14.3,2025-06-14 22:34:37,2025-06-14 22:48:55,Riverdale Park,Harbourfront Centre,Annual Member,5098
101439,34.9,2025-06-14 22:00:04,2025-06-14 22:34:58,Union Station,Kensington Market,Casual,5099
101440,32.5,2025-06-14 23:08:08,2025-06-14 23:40:38,Union Station,Kensington Market,Annual Member,5100
101441,38.9,2025-06-14 23:59:05,2025-06-15 00:37:59,Harbourfront Centre,Bloor-Yonge,Casual,5101
101442,71.9,2025-06-15 00:09:34,2025-06-15 01:21:28,Kensington Market,High Park,Annual Member,5102
101443,27.6,2025-06-15 00:00:47,2025-06-15 00:28:23,Bloor-Yonge,Riverdale Park,Casual,5103
101444,20.3,2025-06-15 01:34:31,2025-06-15 01:54:49,Bloor-Yonge,Riverdale Park,Annual Member,5104
101445,28.5,2025-06-15 01:17:31,2025-06-15 01:46:01,High Park,Union Station,Casual,5105
101446,16.8,2025-06-15 02:01:44,2025-06-15 02:18:32,High Park,Union Station,Annual Member,5106
101447,61.5,2025-06-15 02:17:47,2025-06-15 03:19:17,Riverdale Park,Harbourfront Centre,Casual,5107
101448,19.0,2025-06-15 03:20:13,2025-06-15 03:39:13,Riverdale Park,Harbourfront Centre,Annual Member,5108
101449,1140,2025-06-15 03:32:04,2025-06-15 22:32:04,Union Station,Kensington Market,Casual,5109
101450,19.4,2025-06-15 04:07:38,2025-06-15 04:27:02,Union Station,Kensington Market,Annual Member,5110
101451,17.0,2025-06-15 04:38:30,2025-06-15 04:55:30,Harbourfront Centre,Bloor-Yonge,Casual,5111
101452,34.4,2025-06-15 05:30:14,2025-06-15 06:04:38,Harbourfront Centre,Bloor-Yonge,Annual Member,5112
101453,31.2,2025-06-15 05:47:15,2025-06-15 06:18:27,Kensington Market,High Park,Casual,5113
101454,10.6,2025-06-15 06:44:52,2025-06-15 06:55:28,Kensington Market,High Park,Annual Member,5114
101455,38.0,2025-06-15 06:09:13,2025-06-15 06:47:13,Bloor-Yonge,Riverdale Park,Casual,5115
101456,16.9,2025-06-15 07:26:18,2025-06-15 07:43:12,Bloor-Yonge,Riverdale Park,Annual Member,5116
101457,20.9,2025-06-15 07:22:52,2025-06-15 07:43:46,High Park,Union Station,Casual,5117
101458,12.2,2025-06-15 07:02:36,2025-06-15 07:14:48,Riverdale Park,Harbourfront Centre,Annual Member,5118
101459,28.4,2025-06-15 07:02:17,2025-06-15 07:30:41,Union Station,Kensington Market,Casual,5119
101460,21.8,2025-06-15 07:31:50,2025-06-15 07:53:38,Harbourfront Centre,Bloor-Yonge,Annual Member,5120
101461,27.1,2025-06-15 07:05:45,2025-06-15 07:32:51,Kensington Market,High Park,Casual,5121
101462,13.5,2025-06-15 08:36:32,2025-06-15 08:50:02,High Park,Union Station,Annual Member,5122
101463,28.1,2025-06-15 08:05:11,2025-06-15 08:33:17,Riverdale Park,Harbourfront Centre,Casual,5123
101464,29.0,2025-06-15 08:16:53,2025-06-15 08:45:53,Union Station,Kensington Market,Annual Member,5124
101465,20.8,2025-06-15 08:24:34,2025-06-15 08:45:22,Harbourfront Centre,Bloor-Yonge,Casual,5125
101466,12.2,2025-06-15 08:40:18,2025-06-15 08:52:30,Kensington Market,High Park,Annual Member,5126
101467,21.9,2025-06-15 08:43:11,2025-06-15 09:05:05,Bloor-Yonge,Riverdale Park,Casual,5127
101468,23.2,2025-06-15 08:06:37,2025-06-15 08:29:49,High Park,Union Station,Annual Member,5128
101469,15.7,2025-06-15 08:11:31,2025-06-15 08:27:13,Riverdale Park,Harbourfront Centre,Casual,5129
101470,12.2,2025-06-15 08:20:35,2025-06-15 08:32:47,Union Station,Kensington Market,Annual Member,5130
101471,17.9,2025-06-15 09:55:30,2025-06-15 10:13:24,Riverdale Park,Harbourfront Centre,Annual Member,5131
101472,13.1,2025-06-15 09:14:51,2025-06-15 09:27:57,Union Station,Kensington Market,Casual,5132
101473,8.3,2025-06-15 09:41:02,2025-06-15 09:49:20,Harbourfront Centre,Bloor-Yonge,Annual Member,5133
101474,20.2,2025-06-15 09:51:58,2025-06-15 10:12:10,Kensington Market,High Park,Casual,5134
101475,11.5,2025-06-15 09:06:42,2025-06-15 09:18:12,Bloor-Yonge,Riverdale Park,Annual Member,5135
101476,52.4,2025-06-15 09:37:44,2025-06-15 10:30:08,High Park,Union Station,Casual,5136
101477,15.5,2025-06-15 10:12:15,2025-06-15 10:27:45,Union Station,Kensington Market,Annual Member,5137
101478,40.5,2025-06-15 10:04:25,2025-06-15 10:44:55,Harbourfront Centre,Bloor-Yonge,Casual,5138
101479,24.6,2025-06-15 10:22:48,2025-06-15 10:47:24,Kensington Market,High Park,Annual Member,5139
101480,39.5,2025-06-15 10:58:51,2025-06-15 11:38:21,Bloor-Yonge,Riverdale Park,Casual,5140
101481,10.9,2025-06-15 11:10:50,2025-06-15 11:21:44,Harbourfront Centre,Bloor-Yonge,Annual Member,5141
101482,95.7,2025-06-15 11:33:33,2025-06-15 13:09:15,Kensington Market,High Park,Casual,5142
101483,7.1,2025-06-15 11:16:09,2025-06-15 11:23:15,Bloor-Yonge,Riverdale Park,Annual Member,5143
101484,29.2,2025-06-15 11:11:30,2025-06-15 11:40:42,High Park,Union Station,Casual,5144
101485,16.6,2025-06-15 11:21:55,2025-06-15 11:38:31,Riverdale Park,Harbourfront Centre,Annual Member,5145
101486,35.1,2025-06-15 11:41:28,2025-06-15 12:16:34,Union Station,Kensington Market,Casual,5146
101487,14.1,2025-06-15 11:30:03,2025-06-15 11:44:09,Harbourfront Centre,Bloor-Yonge,Annual Member,5147
101488,36.4,2025-06-15 12:10:39,2025-06-15 12:47:03,Kensington Market,High Park,Annual Member,5148
101489,30.4,2025-06-15 12:41:42,2025-06-15 13:12:06,Bloor-Yonge,Riverdale Park,Casual,5149
101490,16.9,2025-06-15 12:07:17,2025-06-15 12:24:11,High Park,Union Station,Annual Member,5150
101491,24.5,2025-06-15 12:21:03,2025-06-15 12:45:33,Riverdale Park,Harbourfront Centre,Casual,5151
101492,9.6,2025-06-15 12:21:35,2025-06-15 12:31:11,Union Station,Kensington Market,Annual Member,5152
101493,23.9,2025-06-15 12:30:27,2025-06-15 12:54:21,Harbourfront Centre,Bloor-Yonge,Casual,5153
101494,12.5,2025-06-15 12:43:18,2025-06-15 12:55:48,Kensington Market,High Park,Annual Member,5154
101495,25.4,2025-06-15 13:41:12,2025-06-15 14:06:36,Bloor-Yonge,Riverdale Park,Annual Member,5155
101496,20.5,2025-06-15 13:58:08,2025-06-15 14:18:38,High Park,Union Station,Casual,5156
101497,22.7,2025-06-15 13:38:16,2025-06-15 14:00:58,Riverdale Park,Harbourfront Centre,Annual Member,5157
101498,52.0,2025-06-15 13:25:07,2025-06-15 14:17:07,Union Station,Kensington Market,Casual,5158
101499,24.9,2025-06-15 13:26:29,2025-06-15 13:51:23,Harbourfront Centre,Bloor-Yonge,Annual Member,5159
101500,38.8,2025-06-15 13:35:40,2025-06-15 14:14:28,Kensington Market,High Park,Casual,5160
101501,16.0,2025-06-15 13:29:30,2025-06-15 13:45:30,Bloor-Yonge,Riverdale Park,Annual Member,5161
101502,26.8,2025-06-15 14:02:20,2025-06-15 14:29:08,High Park,Union Station,Annual Member,5162
101503,11.6,2025-06-15 14:51:03,2025-06-15 15:02:39,Riverdale Park,Harbourfront Centre,Casual,5163
101504,12.6,2025-06-15 14:22:33,2025-06-15 14:35:09,Union Station,Kensington Market,Annual Member,5164
101505,92.9,2025-06-15 14:54:37,2025-06-15 16:27:31,Harbourfront Centre,Bloor-Yonge,Casual,5165
101506,23.2,2025-06-15 14:33:09,2025-06-15 14:56:21,Kensington Market,High Park,Annual Member,5166
101507,53.4,2025-06-15 14:36:59,2025-06-15 15:30:23,Bloor-Yonge,Riverdale Park,Casual,5167
101508,17.3,2025-06-15 14:02:51,2025-06-15 14:20:09,High Park,Union Station,Annual Member,5168
101509,7.8,2025-06-15 15:26:13,2025-06-15 15:34:01,Riverdale Park,Harbourfront Centre,Annual Member,5169
101510,52.1,2025-06-15 15:22:58,2025-06-15 16:15:04,Union Station,Kensington Market,Casual,5170
101511,27.6,2025-06-15 15:04:43,2025-06-15 15:32:19,Harbourfront Centre,Bloor-Yonge,Annual Member,5171
101512,14.3,2025-06-15 15:51:49,2025-06-15 16:06:07,Kensington Market,High Park,Casual,5172
101513,13.7,2025-06-15 15:19:03,2025-06-15 15:32:45,Bloor-Yonge,Riverdale Park,Annual Member,5173
101514,22.3,2025-06-15 15:24:08,2025-06-15 15:46:26,High Park,Union Station,Casual,5174
101515,19.4,2025-06-15 15:11:36,2025-06-15 15:31:00,Riverdale Park,Harbourfront Centre,Annual Member,5175
101516,16.0,2025-06-15 16:00:37,2025-06-15 16:16:37,Union Station,Kensington Market,Annual Member,5176
101517,12.0,2025-06-15 16:48:40,2025-06-15 17:00:40,Harbourfront Centre,Bloor-Yonge,Casual,5177
101518,18.2,2025-06-15 16:22:52,2025-06-15 16:41:04,Kensington Market,High Park,Annual Member,5178
101519,47.8,2025-06-15 16:59:22,2025-06-15 17:47:10,Bloor-Yonge,Riverdale Park,Casual,5179
101520,14.5,2025-06-15 16:26:59,2025-06-15 16:41:29,High Park,Union Station,Annual Member,5000
101521,42.8,2025-06-15 16:21:52,2025-06-15 17:04:40,Riverdale Park,Harbourfront Centre,Casual,5001
101522,17.5,2025-06-15 16:11:12,2025-06-15 16:28:42,Union Station,Kensington Market,Annual Member,5002
101523,24.0,2025-06-15 16:15:40,2025-06-15 16:39:40,Harbourfront Centre,Bloor-Yonge,Casual,5003
101524,13.5,2025-06-15 16:56:18,2025-06-15 17:09:48,Kensington Market,High Park,Annual Member,5004
101525,14.9,2025-06-15 17:40:21,2025-06-15 17:55:15,Harbourfront Centre,Bloor-Yonge,Annual Member,5005
101526,40.8,2025-06-15 17:28:20,2025-06-15 18:09:08,Kensington Market,High Park,Casual,5006
101527,15.5,2025-06-15 17:55:51,2025-06-15 18:11:21,Bloor-Yonge,Riverdale Park,Annual Member,5007
101528,28.2,2025-06-15 17:29:44,2025-06-15 17:57:56,High Park,Union Station,Casual,5008
101529,25.9,2025-06-15 17:07:53,2025-06-15 17:33:47,Riverdale Park,Harbourfront Centre,Annual Member,5009
101530,16.9,2025-06-15 17:02:13,2025-06-15 17:19:07,Union Station,Kensington Market,Casual,5010
101531,21.8,2025-06-15 17:52:09,2025-06-15 18:13:57,Harbourfront Centre,Bloor-Yonge,Annual Member,5011
101532,26.4,2025-06-15 17:47:50,2025-06-15 18:14:14,Kensington Market,High Park,Casual,5012
101533,15.9,2025-06-15 17:43:28,2025-06-15 17:59:22,Bloor-Yonge,Riverdale Park,Annual Member,5013
101534,22.8,2025-06-15 17:34:06,2025-06-15 17:56:54,High Park,Union Station,Casual,5014
101535,21.9,2025-06-15 17:55:35,2025-06-15 18:17:29,Riverdale Park,Harbourfront Centre,Annual Member,5015
101536,24.6,2025-06-15 17:25:08,2025-06-15 17:49:44,Union Station,Kensington Market,Casual,5016
101537,11.7,2025-06-15 18:51:26,2025-06-15 19:03:08,Kensington Market,High Park,Annual Member,5017
101538,53.8,2025-06-15 18:53:58,2025-06-15 19:47:46,Bloor-Yonge,Riverdale Park,Casual,5018
101539,9.1,2025-06-15 18:22:31,2025-06-15 18:31:37,High Park,Union Station,Annual Member,5019
101540,25.1,2025-06-15 18:39:44,2025-06-15 19:04:50,Riverdale Park,Harbourfront Centre,Casual,5020
101541,7.4,2025-06-15 18:22:36,2025-06-15 18:30:00,Union Station,Kensington Market,Annual Member,5021
101542,20.7,2025-06-15 18:50:02,2025-06-15 19:10:44,Harbourfront Centre,Bloor-Yonge,Casual,5022
101543,23.2,2025-06-15 18:42:50,2025-06-15 19:06:02,Kensington Market,High Park,Annual Member,5023
101544,22.8,2025-06-15 18:05:11,2025-06-15 18:27:59,Bloor-Yonge,Riverdale Park,Casual,5024
101545,15.3,2025-06-15 18:53:25,2025-06-15 19:08:43,High Park,Union Station,Annual Member,5025
101546,30.7,2025-06-15 19:33:07,2025-06-15 20:03:49,Bloor-Yonge,Riverdale Park,Annual Member,5026
101547,41.2,2025-06-15 19:57:35,2025-06-15 20:38:47,High Park,Union Station,Casual,5027
101548,23.7,2025-06-15 19:15:32,2025-06-15 19:39:14,Riverdale Park,Harbourfront Centre,Annual Member,5028
101549,34.9,2025-06-15 19:00:29,2025-06-15 19:35:23,Union Station,Kensington Market,Casual,5029
101550,9.1,2025-06-15 19:03:23,2025-06-15 19:12:29,Harbourfront Centre,Bloor-Yonge,Annual Member,5030
101551,39.5,2025-06-15 19:58:04,2025-06-15 20:37:34,Kensington Market,High Park,Casual,5031
101552,21.4,2025-06-15 20:28:15,2025-06-15 20:49:39,High Park,Union Station,Annual Member,5032
101553,36.9,2025-06-15 20:45:33,2025-06-15 21:22:27,Riverdale Park,Harbourfront Centre,Casual,5033
101554,39.9,2025-06-15 21:48:56,2025-06-15 22:28:50,Riverdale Park,Harbourfront Centre,Annual Member,5034
101555,42.7,2025-06-15 21:47:47,2025-06-15 22:30:29,Union Station,Kensington Market,Casual,5035
101556,14.3,2025-06-15 22:27:29,2025-06-15 22:41:47,Union Station,Kensington Market,Annual Member,5036
101557,33.0,2025-06-15 22:02:48,2025-06-15 22:35:48,Harbourfront Centre,Bloor-Yonge,Casual,5037
101558,33.7,2025-06-15 23:55:18,2025-06-16 00:29:00,Harbourfront Centre,Bloor-Yonge,Annual Member,5038
101559,32.3,2025-06-15 23:47:20,2025-06-16 00:19:38,Kensington Market,High Park,Casual,5039
101560,24.0,2025-06-16 00:59:44,2025-06-16 01:23:44,Bloor-Yonge,Riverdale Park,Annual Member,5040
101561,24.3,2025-06-16 00:35:45,2025-06-16 01:00:03,High Park,Union Station,Casual,5041
101562,25.6,2025-06-16 01:41:40,2025-06-16 02:07:16,High Park,Union Station,Annual Member,5042
101563,37.2,2025-06-16 01:03:26,2025-06-16 01:40:38,Riverdale Park,Harbourfront Centre,Casual,5043
101564,15.1,2025-06-16 02:00:05,2025-06-16 02:15:11,Riverdale Park,Harbourfront Centre,Annual Member,5044
101565,11.4,2025-06-16 02:19:45,2025-06-16 02:31:09,Union Station,Kensington Market,Casual,5045
101566,24.7,2025-06-16 03:06:40,2025-06-16 03:31:22,Union Station,Kensington Market,Annual Member,5046
101567,14.0,2025-06-16 03:25:03,2025-06-16 03:39:03,Harbourfront Centre,Bloor-Yonge,Casual,5047
101568,20.1,2025-06-16 04:52:32,2025-06-16 05:12:38,Harbourfront Centre,Bloor-Yonge,Annual Member,5048
101569,44.1,2025-06-16 04:04:32,2025-06-16 04:48:38,Kensington Market,High Park,Casual,5049
101570,18.6,2025-06-16 05:02:56,2025-06-16 05:21:32,Kensington Market,High Park,Annual Member,5050
101571,39.4,2025-06-16 05:36:01,2025-06-16 06:15:25,Bloor-Yonge,Riverdale Park,Casual,5051
101572,18.1,2025-06-16 06:16:26,2025-06-16 06:34:32,Bloor-Yonge,Riverdale Park,Annual Member,5052
101573,23.4,2025-06-16 06:31:21,2025-06-16 06:54:45,High Park,Union Station,Casual,5053
101574,34.7,2025-06-16 07:55:46,2025-06-16 08:30:28,High Park,Union Station,Annual Member,5054
101575,53.8,2025-06-16 07:40:32,2025-06-16 08:34:20,Riverdale Park,Harbourfront Centre,Casual,5055
101576,14.9,2025-06-16 07:17:42,2025-06-16 07:32:36,Union Station,Kensington Market,Annual Member,5056
101577,51.4,2025-06-16 07:36:46,2025-06-16 08:28:10,Harbourfront Centre,Bloor-Yonge,Casual,5057
101578,27.4,2025-06-16 07:01:26,2025-06-16 07:28:50,Kensington Market,High Park,Annual Member,5058
101579,45.4,2025-06-16 07:31:30,2025-06-16 08:16:54,Bloor-Yonge,Riverdale Park,Casual,5059
101580,24.7,2025-06-16 08:19:32,2025-06-16 08:44:14,Riverdale Park,Harbourfront Centre,Annual Member,5060
101581,26.6,2025-06-16 08:36:22,2025-06-16 09:02:58,Union Station,Kensington Market,Casual,5061
101582,19.5,2025-06-16 08:04:43,2025-06-16 08:24:13,Harbourfront Centre,Bloor-Yonge,Annual Member,5062
101583,36.7,2025-06-16 08:09:25,2025-06-16 08:46:07,Kensington Market,High Park,Casual,5063
101584,28.3,2025-06-16 08:09:51,2025-06-16 08:38:09,Bloor-Yonge,Riverdale Park,Annual Member,5064
101585,24.0,2025-06-16 08:34:51,2025-06-16 08:58:51,High Park,Union Station,Casual,5065
101586,48.7,2025-06-16 08:49:23,2025-06-16 09:38:05,Riverdale Park,Harbourfront Centre,Annual Member,5066
101587,37.0,2025-06-16 08:18:42,2025-06-16 08:55:42,Union Station,Kensington Market,Casual,5067
101588,10.6,2025-06-16 08:07:24,2025-06-16 08:18:00,Harbourfront Centre,Bloor-Yonge,Annual Member,5068
101589,13.6,2025-06-16 09:48:13,2025-06-16 10:01:49,Union Station,Kensington Market,Annual Member,5069
101590,17.5,2025-06-16 09:51:52,2025-06-16 10:09:22,Harbourfront Centre,Bloor-Yonge,Casual,5070
101591,8.4,2025-06-16 09:07:39,2025-06-16 09:16:03,Kensington Market,High Park,Annual Member,5071
101592,31.8,2025-06-16 09:20:43,2025-06-16 09:52:31,Bloor-Yonge,Riverdale Park,Casual,5072
101593,12.2,2025-06-16 09:19:51,2025-06-16 09:32:03,High Park,Union Station,Annual Member,5073
101594,33.9,2025-06-16 09:38:52,2025-06-16 10:12:46,Riverdale Park,Harbourfront Centre,Casual,5074
101595,16.0,2025-06-16 10:59:25,2025-06-16 11:15:25,Harbourfront Centre,Bloor-Yonge,Annual Member,5075
101596,44.2,2025-06-16 10:00:47,2025-06-16 10:44:59,Kensington Market,High Park,Casual,5076
101597,10.9,2025-06-16 10:16:03,2025-06-16 10:26:57,Bloor-Yonge,Riverdale Park,Annual Member,5077
101598,24.7,2025-06-16 10:34:02,2025-06-16 10:58:44,High Park,Union Station,Casual,5078
101599,12.1,2025-06-16 11:55:51,2025-06-16 12:07:57,Kensington Market,High Park,Annual Member,5079
101600,32.9,2025-06-16 11:05:39,2025-06-16 11:38:33,Bloor-Yonge,Riverdale Park,Casual,5080
101601,14.0,2025-06-16 11:09:03,2025-06-16 11:23:03,High Park,Union Station,Annual Member,5081
101602,33.4,2025-06-16 11:19:00,2025-06-16 11:52:24,Riverdale Park,Harbourfront Centre,Casual,5082
101603,30.3,2025-06-16 12:48:09,2025-06-16 13:18:27,Bloor-Yonge,Riverdale Park,Annual Member,5083
101604,29.7,2025-06-16 12:42:02,2025-06-16 13:11:44,High Park,Union Station,Casual,5084
101605,22.7,2025-06-16 12:54:29,2025-06-16 13:17:11,Riverdale Park,Harbourfront Centre,Annual Member,5085
101606,35.7,2025-06-16 12:06:29,2025-06-16 12:42:11,Union Station,Kensington Market,Casual,5086
101607,15.9,2025-06-16 13:23:56,2025-06-16 13:39:50,High Park,Union Station,Annual Member,5087
101608,23.0,2025-06-16 13:57:48,2025-06-16 14:20:48,Riverdale Park,Harbourfront Centre,Casual,5088
101609,13.8,2025-06-16 13:13:55,2025-06-16 13:27:43,Union Station,Kensington Market,Annual Member,5089
101610,35.3,2025-06-16 13:10:50,2025-06-16 13:46:08,Harbourfront Centre,Bloor-Yonge,Casual,5090
101611,15.8,2025-06-16 14:37:06,2025-06-16 14:52:54,Riverdale Park,Harbourfront Centre,Annual Member,5091
101612,15.3,2025-06-16 14:40:13,2025-06-16 14:55:31,Union Station,Kensington Market,Casual,5092
101613,13.1,2025-06-16 14:59:18,2025-06-16 15:12:24,Harbourfront Centre,Bloor-Yonge,Annual Member,5093
101614,34.1,2025-06-16 14:34:23,2025-06-16 15:08:29,Kensington Market,High Park,Casual,5094
101615,19.6,2025-06-16 15:08:36,2025-06-16 15:28:12,Union Station,Kensington Market,Annual Member,5095
101616,15.4,2025-06-16 15:58:14,2025-06-16 16:13:38,Harbourfront Centre,Bloor-Yonge,Casual,5096
101617,16.5,2025-06-16 15:47:13,2025-06-16 16:03:43,Kensington Market,High Park,Annual Member,5097
101618,20.8,2025-06-16 15:26:18,2025-06-16 15:47:06,Bloor-Yonge,Riverdale Park,Casual,5098
101619,23.2,2025-06-16 16:44:35,2025-06-16 17:07:47,Harbourfront Centre,Bloor-Yonge,Annual Member,5099
101620,27.1,2025-06-16 16:56:31,2025-06-16 17:23:37,Kensington Market,High Park,Casual,5100
101621,17.9,2025-06-16 16:17:35,2025-06-16 16:35:29,Bloor-Yonge,Riverdale Park,Annual Member,5101
101622,23.6,2025-06-16 16:04:43,2025-06-16 16:28:19,High Park,Union Station,Casual,5102
101623,44.2,2025-06-16 16:07:38,2025-06-16 16:51:50,Riverdale Park,Harbourfront Centre,Annual Member,5103
101624,27.0,2025-06-16 16:50:39,2025-06-16 17:17:39,Union Station,Kensington Market,Casual,5104
101625,43.4,2025-06-16 17:30:24,2025-06-16 18:13:48,Kensington Market,High Park,Annual Member,5105
101626,13.1,2025-06-16 17:42:08,2025-06-16 17:55:14,Bloor-Yonge,Riverdale Park,Casual,5106
101627,14.3,2025-06-16 17:07:12,2025-06-16 17:21:30,High Park,Union Station,Annual Member,5107
101628,27.6,2025-06-16 17:14:52,2025-06-16 17:42:28,Riverdale Park,Harbourfront Centre,Casual,5108
101629,18.3,2025-06-16 17:40:38,2025-06-16 17:58:56,Union Station,Kensington Market,Annual Member,5109
101630,20.9,2025-06-16 17:27:04,2025-06-16 17:47:58,Harbourfront Centre,Bloor-Yonge,Casual,5110
101631,24.0,2025-06-16 17:22:02,2025-06-16 17:46:02,Kensington Market,High Park,Annual Member,5111
101632,34.8,2025-06-16 17:51:02,2025-06-16 18:25:50,Bloor-Yonge,Riverdale Park,Casual,5112
101633,32.5,2025-06-16 17:56:27,2025-06-16 18:28:57,High Park,Union Station,Annual Member,5113
101634,9.3,2025-06-16 18:26:04,2025-06-16 18:35:22,Bloor-Yonge,Riverdale Park,Annual Member,5114
101635,19.4,2025-06-16 18:54:58,2025-06-16 19:14:22,High Park,Union Station,Casual,5115
101636,17.0,2025-06-16 18:24:47,2025-06-16 18:41:47,Riverdale Park,Harbourfront Centre,Annual Member,5116
101637,24.9,2025-06-16 18:31:30,2025-06-16 18:56:24,Union Station,Kensington Market,Casual,5117
101638,27.0,2025-06-16 18:29:28,2025-06-16 18:56:28,Harbourfront Centre,Bloor-Yonge,Annual Member,5118
101639,26.1,2025-06-16 18:39:09,2025-06-16 19:05:15,Kensington Market,High Park,Casual,5119
101640,9.9,2025-06-16 18:28:56,2025-06-16 18:38:50,Bloor-Yonge,Riverdale Park,Annual Member,5120
101641,20.6,2025-06-16 18:43:04,2025-06-16 19:03:40,High Park,Union Station,Casual,5121
101642,15.3,2025-06-16 18:53:19,2025-06-16 19:08:37,Riverdale Park,Harbourfront Centre,Annual Member,5122
101643,27.8,2025-06-16 19:48:05,2025-06-16 20:15:53,High Park,Union Station,Annual Member,5123
101644,29.5,2025-06-16 19:11:51,2025-06-16 19:41:21,Riverdale Park,Harbourfront Centre,Casual,5124
101645,9.4,2025-06-16 19:49:21,2025-06-16 19:58:45,Union Station,Kensington Market,Annual Member,5125
101646,45.5,2025-06-16 19:33:48,2025-06-16 20:19:18,Harbourfront Centre,Bloor-Yonge,Casual,5126
101647,12.9,2025-06-16 19:11:44,2025-06-16 19:24:38,Kensington Market,High Park,Annual Member,5127
101648,23.6,2025-06-16 19:37:03,2025-06-16 20:00:39,Bloor-Yonge,Riverdale Park,Casual,5128
101649,17.5,2025-06-16 20:08:11,2025-06-16 20:25:41,Riverdale Park,Harbourfront Centre,Annual Member,5129
101650,22.4,2025-06-16 20:10:50,2025-06-16 20:33:14,Union Station,Kensington Market,Casual,5130
101651,19.9,2025-06-16 21:13:00,2025-06-16 21:32:54,Union Station,Kensington Market,Annual Member,5131
101652,32.7,2025-06-16 21:49:05,2025-06-16 22:21:47,Harbourfront Centre,Bloor-Yonge,Casual,5132
101653,25.8,2025-06-16 22:04:44,2025-06-16 22:30:32,Harbourfront Centre,Bloor-Yonge,Annual Member,5133
101654,28.1,2025-06-16 22:51:00,2025-06-16 23:19:06,Kensington Market,High Park,Casual,5134
101655,10.5,2025-06-16 23:08:26,2025-06-16 23:18:56,Kensington Market,High Park,Annual Member,5135
101656,16.2,2025-06-16 23:25:26,2025-06-16 23:41:38,Bloor-Yonge,Riverdale Park,Casual,5136
101657,23.9,2025-06-17 00:44:03,2025-06-17 01:07:57,High Park,Union Station,Annual Member,5137
101658,30.7,2025-06-17 00:40:04,2025-06-17 01:10:46,Riverdale Park,Harbourfront Centre,Casual,5138
101659,22.3,2025-06-17 01:35:56,2025-06-17 01:58:14,Riverdale Park,Harbourfront Centre,Annual Member,5139
101660,27.1,2025-06-17 01:32:52,2025-06-17 01:59:58,Union Station,Kensington Market,Casual,5140
101661,24.6,2025-06-17 02:30:26,2025-06-17 02:55:02,Union Station,Kensington Market,Annual Member,5141
101662,30.2,2025-06-17 02:55:58,2025-06-17 03:26:10,Harbourfront Centre,Bloor-Yonge,Casual,5142
101663,12.5,2025-06-17 03:31:54,2025-06-17 03:44:24,Harbourfront Centre,Bloor-Yonge,Annual Member,5143
101664,37.8,2025-06-17 03:38:26,2025-06-17 04:16:14,Kensington Market,High Park,Casual,5144
101665,5.5,2025-06-17 04:19:56,2025-06-17 04:25:26,Kensington Market,High Park,Annual Member,5145
101666,45.4,2025-06-17 04:43:03,2025-06-17 05:28:27,Bloor-Yonge,Riverdale Park,Casual,5146
101667,18.6,2025-06-17 05:01:55,2025-06-17 05:20:31,Bloor-Yonge,Riverdale Park,Annual Member,5147
101668,25.0,2025-06-17 05:12:37,2025-06-17 05:37:37,High Park,Union Station,Casual,5148
101669,24.5,2025-06-17 06:44:38,2025-06-17 07:09:08,High Park,Union Station,Annual Member,5149
101670,42.2,2025-06-17 06:57:08,2025-06-17 07:39:20,Riverdale Park,Harbourfront Centre,Casual,5150
101671,35.9,2025-06-17 07:31:36,2025-06-17 08:07:30,Riverdale Park,Harbourfront Centre,Annual Member,5151
101672,32.4,2025-06-17 07:19:51,2025-06-17 07:52:15,Union Station,Kensington Market,Casual,5152
101673,23.3,2025-06-17 07:16:23,2025-06-17 07:39:41,Harbourfront Centre,Bloor-Yonge,Annual Member,5153
101674,27.3,2025-06-17 07:24:19,2025-06-17 07:51:37,Kensington Market,High Park,Casual,5154
101675,7.4,2025-06-17 07:59:18,2025-06-17 08:06:42,Bloor-Yonge,Riverdale Park,Annual Member,5155
101676,18.3,2025-06-17 07:15:03,2025-06-17 07:33:21,High Park,Union Station,Casual,5156
101677,11.8,2025-06-17 08:44:48,2025-06-17 08:56:36,Union Station,Kensington Market,Annual Member,5157
101678,108.7,2025-06-17 08:58:34,2025-06-17 10:47:16,Harbourfront Centre,Bloor-Yonge,Casual,5158
101679,7.7,2025-06-17 08:28:32,2025-06-17 08:36:14,Kensington Market,High Park,Annual Member,5159
101680,16.3,2025-06-17 08:42:54,2025-06-17 08:59:12,Bloor-Yonge,Riverdale Park,Casual,5160
101681,26.4,2025-06-17 08:59:11,2025-06-17 09:25:35,High Park,Union Station,Annual Member,5161
101682,29.3,2025-06-17 08:57:10,2025-06-17 09:26:28,Riverdale Park,Harbourfront Centre,Casual,5162
101683,16.1,2025-06-17 08:29:31,2025-06-17 08:45:37,Union Station,Kensington Market,Annual Member,5163
101684,47.1,2025-06-17 08:32:45,2025-06-17 09:19:51,Harbourfront Centre,Bloor-Yonge,Casual,5164
101685,15.5,2025-06-17 08:42:27,2025-06-17 08:57:57,Kensington Market,High Park,Annual Member,5165
101686,26.0,2025-06-17 09:14:18,2025-06-17 09:40:18,Harbourfront Centre,Bloor-Yonge,Annual Member,5166
101687,29.2,2025-06-17 09:49:55,2025-06-17 10:19:07,Kensington Market,High Park,Casual,5167
101688,17.5,2025-06-17 09:09:09,2025-06-17 09:26:39,Bloor-Yonge,Riverdale Park,Annual Member,5168
101689,29.9,2025-06-17 09:08:52,2025-06-17 09:38:46,High Park,Union Station,Casual,5169
101690,33.1,2025-06-17 09:19:27,2025-06-17 09:52:33,Riverdale Park,Harbourfront Centre,Annual Member,5170
101691,35.0,2025-06-17 09:58:39,2025-06-17 10:33:39,Union Station,Kensington Market,Casual,5171
101692,6.8,2025-06-17 10:51:46,2025-06-17 10:58:34,Kensington Market,High Park,Annual Member,5172
101693,19.9,2025-06-17 10:57:58,2025-06-17 11:17:52,Bloor-Yonge,Riverdale Park,Casual,5173
101694,26.3,2025-06-17 10:07:49,2025-06-17 10:34:07,High Park,Union Station,Annual Member,5174
101695,27.4,2025-06-17 10:27:06,2025-06-17 10:54:30,Riverdale Park,Harbourfront Centre,Casual,5175
101696,27.0,2025-06-17 11:13:25,2025-06-17 11:40:25,Bloor-Yonge,Riverdale Park,Annual Member,5176
101697,57.1,2025-06-17 11:01:16,2025-06-17 11:58:22,High Park,Union Station,Casual,5177
101698,11.7,2025-06-17 11:21:12,2025-06-17 11:32:54,Riverdale Park,Harbourfront Centre,Annual Member,5178
101699,27.9,2025-06-17 11:43:36,2025-06-17 12:11:30,Union Station,Kensington Market,Casual,5179
101700,21.1,2025-06-17 12:04:48,2025-06-17 12:25:54,High Park,Union Station,Annual Member,5000
101701,20.3,2025-06-17 12:13:39,2025-06-17 12:33:57,Riverdale Park,Harbourfront Centre,Casual,5001
101702,18.1,2025-06-17 12:21:28,2025-06-17 12:39:34,Union Station,Kensington Market,Annual Member,5002
101703,19.6,2025-06-17 12:55:37,2025-06-17 13:15:13,Harbourfront Centre,Bloor-Yonge,Casual,5003
101704,33.3,2025-06-17 13:49:56,2025-06-17 14:23:14,Riverdale Park,Harbourfront Centre,Annual Member,5004
101705,40.8,2025-06-17 13:40:37,2025-06-17 14:21:25,Union Station,Kensington Market,Casual,5005
101706,24.4,2025-06-17 13:30:49,2025-06-17 13:55:13,Harbourfront Centre,Bloor-Yonge,Annual Member,5006
101707,13.2,2025-06-17 13:13:00,2025-06-17 13:26:12,Kensington Market,High Park,Casual,5007
101708,14.7,2025-06-17 14:28:15,2025-06-17 14:42:57,Union Station,Kensington Market,Annual Member,5008
101709,23.5,2025-06-17 14:51:58,2025-06-17 15:15:28,Harbourfront Centre,Bloor-Yonge,Casual,5009
101710,12.2,2025-06-17 14:01:20,2025-06-17 14:13:32,Kensington Market,High Park,Annual Member,5010
101711,31.6,2025-06-17 14:02:40,2025-06-17 14:34:16,Bloor-Yonge,Riverdale Park,Casual,5011
101712,11.4,2025-06-17 15:22:29,2025-06-17 15:33:53,Harbourfront Centre,Bloor-Yonge,Annual Member,5012
101713,34.6,2025-06-17 15:36:16,2025-06-17 16:10:52,Kensington Market,High Park,Casual,5013
101714,13.2,2025-06-17 15:53:33,2025-06-17 16:06:45,Bloor-Yonge,Riverdale Park,Annual Member,5014
101715,24.7,2025-06-17 15:45:53,2025-06-17 16:10:35,High Park,Union Station,Casual,5015
101716,27.6,2025-06-17 16:35:49,2025-06-17 17:03:25,Kensington Market,High Park,Annual Member,5016
101717,21.1,2025-06-17 16:50:12,2025-06-17 17:11:18,Bloor-Yonge,Riverdale Park,Casual,5017
101718,23.8,2025-06-17 16:50:06,2025-06-17 17:13:54,High Park,Union Station,Annual Member,5018
101719,29.6,2025-06-17 16:15:05,2025-06-17 16:44:41,Riverdale Park,Harbourfront Centre,Casual,5019
101720,14.8,2025-06-17 16:31:38,2025-06-17 16:46:26,Union Station,Kensington Market,Annual Member,5020
101721,52.3,2025-06-17 16:57:31,2025-06-17 17:49:49,Harbourfront Centre,Bloor-Yonge,Casual,5021
101722,10.7,2025-06-17 17:05:29,2025-06-17 17:16:11,Bloor-Yonge,Riverdale Park,Annual Member,5022
101723,54.1,2025-06-17 17:09:50,2025-06-17 18:03:56,High Park,Union Station,Casual,5023
101724,9.9,2025-06-17 17:05:36,2025-06-17 17:15:30,Riverdale Park,Harbourfront Centre,Annual Member,5024
101725,35.2,2025-06-17 17:09:19,2025-06-17 17:44:31,Union Station,Kensington Market,Casual,5025
101726,19.9,2025-06-17 17:25:41,2025-06-17 17:45:35,Harbourfront Centre,Bloor-Yonge,Annual Member,5026
101727,124.9,2025-06-17 17:39:50,2025-06-17 19:44:44,Kensington Market,High Park,Casual,5027
101728,15.5,2025-06-17 17:47:41,2025-06-17 18:03:11,Bloor-Yonge,Riverdale Park,Annual Member,5028
101729,18.9,2025-06-17 17:22:14,2025-06-17 17:41:08,High Park,Union Station,Casual,5029
101730,27.2,2025-06-17 17:43:03,2025-06-17 18:10:15,Riverdale Park,Harbourfront Centre,Annual Member,5030
101731,10.2,2025-06-17 18:33:59,2025-06-17 18:44:11,High Park,Union Station,Annual Member,5031
101732,28.1,2025-06-17 18:51:40,2025-06-17 19:19:46,Riverdale Park,Harbourfront Centre,Casual,5032
101733,10.2,2025-06-17 18:11:44,2025-06-17 18:21:56,Union Station,Kensington Market,Annual Member,5033
101734,27.5,2025-06-17 18:29:56,2025-06-17 18:57:26,Harbourfront Centre,Bloor-Yonge,Casual,5034
101735,11.5,2025-06-17 18:10:14,2025-06-17 18:21:44,Kensington Market,High Park,Annual Member,5035
101736,25.0,2025-06-17 18:05:52,2025-06-17 18:30:52,Bloor-Yonge,Riverdale Park,Casual,5036
101737,9.7,2025-06-17 18:04:19,2025-06-17 18:14:01,High Park,Union Station,Annual Member,5037
101738,33.6,2025-06-17 18:48:43,2025-06-17 19:22:19,Riverdale Park,Harbourfront Centre,Casual,5038
101739,36.0,2025-06-17 18:48:24,2025-06-17 19:24:24,Union Station,Kensington Market,Annual Member,5039
101740,14.8,2025-06-17 19:04:22,2025-06-17 19:19:10,Riverdale Park,Harbourfront Centre,Annual Member,5040
101741,115.7,2025-06-17 19:34:37,2025-06-17 21:30:19,Union Station,Kensington Market,Casual,5041
101742,26.7,2025-06-17 19:48:18,2025-06-17 20:15:00,Harbourfront Centre,Bloor-Yonge,Annual Member,5042
101743,30.5,2025-06-17 19:35:07,2025-06-17 20:05:37,Kensington Market,High Park,Casual,5043
101744,28.0,2025-06-17 19:48:20,2025-06-17 20:16:20,Bloor-Yonge,Riverdale Park,Annual Member,5044
101745,27.6,2025-06-17 19:31:17,2025-06-17 19:58:53,High Park,Union Station,Casual,5045
101746,15.8,2025-06-17 20:53:51,2025-06-17 21:09:39,Union Station,Kensington Market,Annual Member,5046
101747,14.3,2025-06-17 20:11:55,2025-06-17 20:26:13,Harbourfront Centre,Bloor-Yonge,Casual,5047
101748,23.6,2025-06-17 21:26:27,2025-06-17 21:50:03,Harbourfront Centre,Bloor-Yonge,Annual Member,5048
101749,33.6,2025-06-17 21:31:43,2025-06-17 22:05:19,Kensington Market,High Park,Casual,5049
101750,19.1,2025-06-17 22:28:50,2025-06-17 22:47:56,Kensington Market,High Park,Annual Member,5050
101751,58.1,2025-06-17 22:09:51,2025-06-17 23:07:57,Bloor-Yonge,Riverdale Park,Casual,5051
101752,18.1,2025-06-17 23:47:52,2025-06-18 00:05:58,Bloor-Yonge,Riverdale Park,Annual Member,5052
101753,35.9,2025-06-17 23:22:27,2025-06-17 23:58:21,High Park,Union Station,Casual,5053
101754,15.6,2025-06-18 00:07:47,2025-06-18 00:23:23,Riverdale Park,Harbourfront Centre,Annual Member,5054
101755,32.1,2025-06-18 00:18:37,2025-06-18 00:50:43,Union Station,Kensington Market,Casual,5055
101756,14.8,2025-06-18 01:07:43,2025-06-18 01:22:31,Union Station,Kensington Market,Annual Member,5056
101757,18.8,2025-06-18 01:10:33,2025-06-18 01:29:21,Harbourfront Centre,Bloor-Yonge,Casual,5057
101758,15.5,2025-06-18 02:50:46,2025-06-18 03:06:16,Harbourfront Centre,Bloor-Yonge,Annual Member,5058
101759,31.3,2025-06-18 02:42:03,2025-06-18 03:13:21,Kensington Market,High Park,Casual,5059
101760,13.3,2025-06-18 03:28:02,2025-06-18 03:41:20,Kensington Market,High Park,Annual Member,5060
101761,56.6,2025-06-18 03:32:04,2025-06-18 04:28:40,Bloor-Yonge,Riverdale Park,Casual,5061
101762,23.0,2025-06-18 04:03:38,2025-06-18 04:26:38,Bloor-Yonge,Riverdale Park,Annual Member,5062
101763,19.6,2025-06-18 04:19:24,2025-06-18 04:39:00,High Park,Union Station,Casual,5063
101764,26.0,2025-06-18 05:14:04,2025-06-18 05:40:04,High Park,Union Station,Annual Member,5064
101765,21.4,2025-06-18 05:21:10,2025-06-18 05:42:34,Riverdale Park,Harbourfront Centre,Casual,5065
101766,16.0,2025-06-18 06:26:01,2025-06-18 06:42:01,Riverdale Park,Harbourfront Centre,Annual Member,5066
101767,23.9,2025-06-18 06:45:59,2025-06-18 07:09:53,Union Station,Kensington Market,Casual,5067
101768,23.7,2025-06-18 07:51:19,2025-06-18 08:15:01,Union Station,Kensington Market,Annual Member,5068
101769,31.7,2025-06-18 07:00:38,2025-06-18 07:32:20,Harbourfront Centre,Bloor-Yonge,Casual,5069
101770,31.9,2025-06-18 07:06:02,2025-06-18 07:37:56,Kensington Market,High Park,Annual Member,5070
101771,18.1,2025-06-18 07:07:13,2025-06-18 07:25:19,Bloor-Yonge,Riverdale Park,Casual,5071
101772,10.2,2025-06-18 07:35:16,2025-06-18 07:45:28,High Park,Union Station,Annual Member,5072
101773,24.6,2025-06-18 07:40:04,2025-06-18 08:04:40,Riverdale Park,Harbourfront Centre,Casual,5073
101774,15.1,2025-06-18 08:22:12,2025-06-18 08:37:18,Harbourfront Centre,Bloor-Yonge,Annual Member,5074
101775,16.1,2025-06-18 08:10:18,2025-06-18 08:26:24,Kensington Market,High Park,Casual,5075
101776,28.6,2025-06-18 08:58:22,2025-06-18 09:26:58,Bloor-Yonge,Riverdale Park,Annual Member,5076
101777,31.2,2025-06-18 08:28:09,2025-06-18 08:59:21,High Park,Union Station,Casual,5077
101778,14.9,2025-06-18 08:35:05,2025-06-18 08:49:59,Riverdale Park,Harbourfront Centre,Annual Member,5078
101779,19.6,2025-06-18 08:49:33,2025-06-18 09:09:09,Union Station,Kensington Market,Casual,5079
101780,11.9,2025-06-18 08:48:33,2025-06-18 09:00:27,Harbourfront Centre,Bloor-Yonge,Annual Member,5080
101781,24.6,2025-06-18 08:10:13,2025-06-18 08:34:49,Kensington Market,High Park,Casual,5081
101782,11.5,2025-06-18 08:08:28,2025-06-18 08:19:58,Bloor-Yonge,Riverdale Park,Annual Member,5082
101783,30.5,2025-06-18 09:42:14,2025-06-18 10:12:44,Kensington Market,High Park,Annual Member,5083
101784,27.2,2025-06-18 09:51:45,2025-06-18 10:18:57,Bloor-Yonge,Riverdale Park,Casual,5084
101785,43.3,2025-06-18 09:40:03,2025-06-18 10:23:21,High Park,Union Station,Annual Member,5085
101786,26.5,2025-06-18 09:46:31,2025-06-18 10:13:01,Riverdale Park,Harbourfront Centre,Casual,5086
101787,11.8,2025-06-18 09:31:32,2025-06-18 09:43:20,Union Station,Kensington Market,Annual Member,5087
101788,37.6,2025-06-18 09:45:50,2025-06-18 10:23:26,Harbourfront Centre,Bloor-Yonge,Casual,5088
101789,9.8,2025-06-18 10:43:49,2025-06-18 10:53:37,Bloor-Yonge,Riverdale Park,Annual Member,5089
101790,20.9,2025-06-18 10:43:26,2025-06-18 11:04:20,High Park,Union Station,Casual,5090
101791,10.3,2025-06-18 10:28:11,2025-06-18 10:38:29,Riverdale Park,Harbourfront Centre,Annual Member,5091
101792,54.3,2025-06-18 10:16:16,2025-06-18 11:10:34,Union Station,Kensington Market,Casual,5092
101793,16.4,2025-06-18 11:36:38,2025-06-18 11:53:02,High Park,Union Station,Annual Member,5093
101794,29.6,2025-06-18 11:00:14,2025-06-18 11:29:50,Riverdale Park,Harbourfront Centre,Casual,5094
101795,22.4,2025-06-18 11:32:46,2025-06-18 11:55:10,Union Station,Kensington Market,Annual Member,5095
101796,35.7,2025-06-18 11:05:41,2025-06-18 11:41:23,Harbourfront Centre,Bloor-Yonge,Casual,5096
101797,37.6,2025-06-18 12:53:11,2025-06-18 13:30:47,Riverdale Park,Harbourfront Centre,Annual Member,5097
101798,37.0,2025-06-18 12:22:19,2025-06-18 12:59:19,Union Station,Kensington Market,Casual,5098
101799,21.0,2025-06-18 12:40:49,2025-06-18 13:01:49,Harbourfront Centre,Bloor-Yonge,Annual Member,5099
101800,45.3,2025-06-18 12:22:33,2025-06-18 13:07:51,Kensington Market,High Park,Casual,5100
101801,12.1,2025-06-18 13:45:35,2025-06-18 13:57:41,Union Station,Kensington Market,Annual Member,5101
101802,44.8,2025-06-18 13:25:27,2025-06-18 14:10:15,Harbourfront Centre,Bloor-Yonge,Casual,5102
101803,21.3,2025-06-18 13:56:00,2025-06-18 14:17:18,Kensington Market,High Park,Annual Member,5103
101804,23.3,2025-06-18 13:01:52,2025-06-18 13:25:10,Bloor-Yonge,Riverdale Park,Casual,5104
101805,31.3,2025-06-18 14:12:52,2025-06-18 14:44:10,Harbourfront Centre,Bloor-Yonge,Annual Member,5105
101806,25.9,2025-06-18 14:38:06,2025-06-18 15:04:00,Kensington Market,High Park,Casual,5106
101807,14.0,2025-06-18 14:20:59,2025-06-18 14:34:59,Bloor-Yonge,Riverdale Park,Annual Member,5107
101808,17.8,2025-06-18 14:10:39,2025-06-18 14:28:27,High Park,Union Station,Casual,5108
101809,11.8,2025-06-18 15:40:11,2025-06-18 15:51:59,Kensington Market,High Park,Annual Member,5109
101810,27.9,2025-06-18 15:32:06,2025-06-18 16:00:00,Bloor-Yonge,Riverdale Park,Casual,5110
101811,37.3,2025-06-18 15:26:54,2025-06-18 16:04:12,High Park,Union Station,Annual Member,5111
101812,28.7,2025-06-18 15:44:34,2025-06-18 16:13:16,Riverdale Park,Harbourfront Centre,Casual,5112
101813,15.8,2025-06-18 16:02:56,2025-06-18 16:18:44,Bloor-Yonge,Riverdale Park,Annual Member,5113
101814,22.9,2025-06-18 16:30:46,2025-06-18 16:53:40,High Park,Union Station,Casual,5114
101815,21.1,2025-06-18 16:49:21,2025-06-18 17:10:27,Riverdale Park,Harbourfront Centre,Annual Member,5115
101816,31.9,2025-06-18 16:06:04,2025-06-18 16:37:58,Union Station,Kensington Market,Casual,5116
101817,16.9,2025-06-18 16:17:00,2025-06-18 16:33:54,Harbourfront Centre,Bloor-Yonge,Annual Member,5117
101818,7.8,2025-06-18 16:42:52,2025-06-18 16:50:40,Kensington Market,High Park,Casual,5118
101819,11.9,2025-06-18 17:59:57,2025-06-18 18:11:51,High Park,Union Station,Annual Member,5119
101820,22.6,2025-06-18 17:09:16,2025-06-18 17:31:52,Riverdale Park,Harbourfront Centre,Casual,5120
101821,15.3,2025-06-18 17:24:30,2025-06-18 17:39:48,Union Station,Kensington Market,Annual Member,5121
101822,23.5,2025-06-18 17:14:16,2025-06-18 17:37:46,Harbourfront Centre,Bloor-Yonge,Casual,5122
101823,21.8,2025-06-18 17:32:13,2025-06-18 17:54:01,Kensington Market,High Park,Annual Member,5123
101824,40.3,2025-06-18 17:42:53,2025-06-18 18:23:11,Bloor-Yonge,Riverdale Park,Casual,5124
101825,14.7,2025-06-18 17:07:37,2025-06-18 17:22:19,High Park,Union Station,Annual Member,5125
101826,15.3,2025-06-18 17:36:00,2025-06-18 17:51:18,Riverdale Park,Harbourfront Centre,Casual,5126
101827,10.9,2025-06-18 17:39:36,2025-06-18 17:50:30,Union Station,Kensington Market,Annual Member,5127
101828,22.5,2025-06-18 18:25:51,2025-06-18 18:48:21,Riverdale Park,Harbourfront Centre,Annual Member,5128
101829,13.5,2025-06-18 18:48:07,2025-06-18 19:01:37,Union Station,Kensington Market,Casual,5129
101830,29.9,2025-06-18 18:22:20,2025-06-18 18:52:14,Harbourfront Centre,Bloor-Yonge,Annual Member,5130
101831,27.8,2025-06-18 18:30:39,2025-06-18 18:58:27,Kensington Market,High Park,Casual,5131
101832,10.4,2025-06-18 18:13:44,2025-06-18 18:24:08,Bloor-Yonge,Riverdale Park,Annual Member,5132
101833,31.9,2025-06-18 18:45:06,2025-06-18 19:17:00,High Park,Union Station,Casual,5133
101834,30.9,2025-06-18 18:51:30,2025-06-18 19:22:24,Riverdale Park,Harbourfront Centre,Annual Member,5134
101835,25.0,2025-06-18 18:52:01,2025-06-18 19:17:01,Union Station,Kensington Market,Casual,5135
101836,11.1,2025-06-18 18:32:31,2025-06-18 18:43:37,Harbourfront Centre,Bloor-Yonge,Annual Member,5136
101837,35.7,2025-06-18 19:36:48,2025-06-18 20:12:30,Union Station,Kensington Market,Annual Member,5137
101838,36.7,2025-06-18 19:45:05,2025-06-18 20:21:47,Harbourfront Centre,Bloor-Yonge,Casual,5138
101839,19.1,2025-06-18 19:01:50,2025-06-18 19:20:56,Kensington Market,High Park,Annual Member,5139
101840,39.1,2025-06-18 19:06:21,2025-06-18 19:45:27,Bloor-Yonge,Riverdale Park,Casual,5140
101841,14.2,2025-06-18 19:06:37,2025-06-18 19:20:49,High Park,Union Station,Annual Member,5141
101842,40.5,2025-06-18 19:53:42,2025-06-18 20:34:12,Riverdale Park,Harbourfront Centre,Casual,5142
101843,18.4,2025-06-18 20:00:28,2025-06-18 20:18:52,Harbourfront Centre,Bloor-Yonge,Annual Member,5143
101844,31.8,2025-06-18 20:44:44,2025-06-18 21:16:32,Kensington Market,High Park,Casual,5144
101845,13.5,2025-06-18 21:48:56,2025-06-18 22:02:26,Kensington Market,High Park,Annual Member,5145
101846,35.0,2025-06-18 21:26:46,2025-06-18 22:01:46,Bloor-Yonge,Riverdale Park,Casual,5146
101847,11.5,2025-06-18 22:33:20,2025-06-18 22:44:50,Bloor-Yonge,Riverdale Park,Annual Member,5147
101848,35.9,2025-06-18 22:17:33,2025-06-18 22:53:27,High Park,Union Station,Casual,5148
101849,17.5,2025-06-18 23:04:09,2025-06-18 23:21:39,High Park,Union Station,Annual Member,5149
101850,59.4,2025-06-18 23:02:04,2025-06-19 00:01:28,Riverdale Park,Harbourfront Centre,Casual,5150
101851,26.2,2025-06-19 00:27:04,2025-06-19 00:53:16,Union Station,Kensington Market,Annual Member,5151
101852,34.3,2025-06-19 00:32:40,2025-06-19 01:06:58,Harbourfront Centre,Bloor-Yonge,Casual,5152
101853,19.8,2025-06-19 01:01:17,2025-06-19 01:21:05,Harbourfront Centre,Bloor-Yonge,Annual Member,5153
101854,29.1,2025-06-19 01:01:07,2025-06-19 01:30:13,Kensington Market,High Park,Casual,5154
101855,28.6,2025-06-19 02:49:49,2025-06-19 03:18:25,Kensington Market,High Park,Annual Member,5155
101856,32.0,2025-06-19 02:10:22,2025-06-19 02:42:22,Bloor-Yonge,Riverdale Park,Casual,5156
101857,24.9,2025-06-19 03:48:38,2025-06-19 04:13:32,Bloor-Yonge,Riverdale Park,Annual Member,5157
101858,32.2,2025-06-19 03:40:50,2025-06-19 04:13:02,High Park,Union Station,Casual,5158
101859,29.8,2025-06-19 04:14:03,2025-06-19 04:43:51,High Park,Union Station,Annual Member,5159
101860,24.4,2025-06-19 04:47:56,2025-06-19 05:12:20,Riverdale Park,Harbourfront Centre,Casual,5160
101861,9.3,2025-06-19 05:20:44,2025-06-19 05:30:02,Riverdale Park,Harbourfront Centre,Annual Member,5161
101862,18.5,2025-06-19 05:10:31,2025-06-19 05:29:01,Union Station,Kensington Market,Casual,5162
101863,14.0,2025-06-19 06:20:35,2025-06-19 06:34:35,Union Station,Kensington Market,Annual Member,5163
101864,29.3,2025-06-19 06:02:42,2025-06-19 06:32:00,Harbourfront Centre,Bloor-Yonge,Casual,5164
101865,15.1,2025-06-19 07:42:12,2025-06-19 07:57:18,Harbourfront Centre,Bloor-Yonge,Annual Member,5165
101866,23.9,2025-06-19 07:34:07,2025-06-19 07:58:01,Kensington Market,High Park,Casual,5166
101867,20.9,2025-06-19 07:30:30,2025-06-19 07:51:24,Bloor-Yonge,Riverdale Park,Annual Member,5167
101868,34.2,2025-06-19 07:50:57,2025-06-19 08:25:09,High Park,Union Station,Casual,5168
101869,26.0,2025-06-19 07:13:26,2025-06-19 07:39:26,Riverdale Park,Harbourfront Centre,Annual Member,5169
101870,39.9,2025-06-19 07:44:14,2025-06-19 08:24:08,Union Station,Kensington Market,Casual,5170
101871,22.6,2025-06-19 08:47:23,2025-06-19 09:09:59,Kensington Market,High Park,Annual Member,5171
101872,26.1,2025-06-19 08:58:17,2025-06-19 09:24:23,Bloor-Yonge,Riverdale Park,Casual,5172
101873,10.2,2025-06-19 08:08:23,2025-06-19 08:18:35,High Park,Union Station,Annual Member,5173
101874,13.9,2025-06-19 08:09:15,2025-06-19 08:23:09,Riverdale Park,Harbourfront Centre,Casual,5174
101875,20.0,2025-06-19 08:26:49,2025-06-19 08:46:49,Union Station,Kensington Market,Annual Member,5175
101876,34.1,2025-06-19 08:53:39,2025-06-19 09:27:45,Harbourfront Centre,Bloor-Yonge,Casual,5176
101877,13.9,2025-06-19 08:54:45,2025-06-19 09:08:39,Kensington Market,High Park,Annual Member,5177
101878,47.3,2025-06-19 08:30:36,2025-06-19 09:17:54,Bloor-Yonge,Riverdale Park,Casual,5178
101879,10.7,2025-06-19 08:02:49,2025-06-19 08:13:31,High Park,Union Station,Annual Member,5179
101880,15.7,2025-06-19 09:18:14,2025-06-19 09:33:56,Bloor-Yonge,Riverdale Park,Annual Member,5000
101881,35.4,2025-06-19 09:29:33,2025-06-19 10:04:57,High Park,Union Station,Casual,5001
101882,25.6,2025-06-19 09:57:23,2025-06-19 10:22:59,Riverdale Park,Harbourfront Centre,Annual Member,5002
101883,23.9,2025-06-19 09:33:14,2025-06-19 09:57:08,Union Station,Kensington Market,Casual,5003
101884,9.6,2025-06-19 09:51:25,2025-06-19 10:01:01,Harbourfront Centre,Bloor-Yonge,Annual Member,5004
101885,34.9,2025-06-19 09:27:06,2025-06-19 10:02:00,Kensington Market,High Park,Casual,5005
101886,18.8,2025-06-19 10:58:22,2025-06-19 11:17:10,High Park,Union Station,Annual Member,5006
101887,27.2,2025-06-19 10:43:28,2025-06-19 11:10:40,Riverdale Park,Harbourfront Centre,Casual,5007
101888,64.6,2025-06-19 10:00:24,2025-06-19 11:05:00,Union Station,Kensington Market,Annual Member,5008
101889,17.3,2025-06-19 10:14:09,2025-06-19 10:31:27,Harbourfront Centre,Bloor-Yonge,Casual,5009
101890,17.6,2025-06-19 11:56:21,2025-06-19 12:13:57,Riverdale Park,Harbourfront Centre,Annual Member,5010
101891,28.1,2025-06-19 11:44:57,2025-06-19 12:13:03,Union Station,Kensington Market,Casual,5011
101892,15.7,2025-06-19 11:10:28,2025-06-19 11:26:10,Harbourfront Centre,Bloor-Yonge,Annual Member,5012
101893,47.7,2025-06-19 11:46:39,2025-06-19 12:34:21,Kensington Market,High Park,Casual,5013
101894,9.3,2025-06-19 12:48:25,2025-06-19 12:57:43,Union Station,Kensington Market,Annual Member,5014
101895,70.8,2025-06-19 12:18:16,2025-06-19 13:29:04,Harbourfront Centre,Bloor-Yonge,Casual,5015
101896,22.3,2025-06-19 12:47:40,2025-06-19 13:09:58,Kensington Market,High Park,Annual Member,5016
101897,33.6,2025-06-19 12:57:43,2025-06-19 13:31:19,Bloor-Yonge,Riverdale Park,Casual,5017
101898,15.2,2025-06-19 13:47:06,2025-06-19 14:02:18,Harbourfront Centre,Bloor-Yonge,Annual Member,5018
101899,18.0,2025-06-19 13:40:27,2025-06-19 13:58:27,Kensington Market,High Park,Casual,5019
101900,19.7,2025-06-19 13:44:08,2025-06-19 14:03:50,Bloor-Yonge,Riverdale Park,Annual Member,5020
101901,24.5,2025-06-19 13:17:07,2025-06-19 13:41:37,High Park,Union Station,Casual,5021
101902,18.2,2025-06-19 14:24:59,2025-06-19 14:43:11,Kensington Market,High Park,Annual Member,5022
101903,17.6,2025-06-19 14:07:49,2025-06-19 14:25:25,Bloor-Yonge,Riverdale Park,Casual,5023
101904,46.0,2025-06-19 14:26:45,2025-06-19 15:12:45,High Park,Union Station,Annual Member,5024
101905,26.6,2025-06-19 14:31:20,2025-06-19 14:57:56,Riverdale Park,Harbourfront Centre,Casual,5025
101906,18.5,2025-06-19 15:03:19,2025-06-19 15:21:49,Bloor-Yonge,Riverdale Park,Annual Member,5026
101907,36.2,2025-06-19 15:38:44,2025-06-19 16:14:56,High Park,Union Station,Casual,5027
101908,27.2,2025-06-19 15:30:13,2025-06-19 15:57:25,Riverdale Park,Harbourfront Centre,Annual Member,5028
101909,32.2,2025-06-19 15:44:01,2025-06-19 16:16:13,Union Station,Kensington Market,Casual,5029
101910,20.9,2025-06-19 16:16:33,2025-06-19 16:37:27,High Park,Union Station,Annual Member,5030
101911,38.9,2025-06-19 16:51:01,2025-06-19 17:29:55,Riverdale Park,Harbourfront Centre,Casual,5031
101912,9.8,2025-06-19 16:02:41,2025-06-19 16:12:29,Union Station,Kensington Market,Annual Member,5032
101913,39.5,2025-06-19 16:51:21,2025-06-19 17:30:51,Harbourfront Centre,Bloor-Yonge,Casual,5033
101914,35.0,2025-06-19 16:23:15,2025-06-19 16:58:15,Kensington Market,High Park,Annual Member,5034
101915,28.0,2025-06-19 16:20:32,2025-06-19 16:48:32,Bloor-Yonge,Riverdale Park,Casual,5035
101916,39.6,2025-06-19 17:58:24,2025-06-19 18:38:00,Riverdale Park,Harbourfront Centre,Annual Member,5036
101917,14.6,2025-06-19 17:58:25,2025-06-19 18:13:01,Union Station,Kensington Market,Casual,5037
101918,22.8,2025-06-19 17:33:05,2025-06-19 17:55:53,Harbourfront Centre,Bloor-Yonge,Annual Member,5038
101919,38.9,2025-06-19 17:49:09,2025-06-19 18:28:03,Kensington Market,High Park,Casual,5039
101920,27.5,2025-06-19 17:16:41,2025-06-19 17:44:11,Bloor-Yonge,Riverdale Park,Annual Member,5040
101921,12.4,2025-06-19 17:35:02,2025-06-19 17:47:26,High Park,Union Station,Casual,5041
101922,20.3,2025-06-19 17:01:09,2025-06-19 17:21:27,Riverdale Park,Harbourfront Centre,Annual Member,5042
101923,15.1,2025-06-19 17:07:10,2025-06-19 17:22:16,Union Station,Kensington Market,Casual,5043
101924,8.5,2025-06-19 17:18:11,2025-06-19 17:26:41,Harbourfront Centre,Bloor-Yonge,Annual Member,5044
101925,14.9,2025-06-19 18:32:57,2025-06-19 18:47:51,Union Station,Kensington Market,Annual Member,5045
101926,43.3,2025-06-19 18:14:45,2025-06-19 18:58:03,Harbourfront Centre,Bloor-Yonge,Casual,5046
101927,9.9,2025-06-19 18:05:51,2025-06-19 18:15:45,Kensington Market,High Park,Annual Member,5047
101928,25.3,2025-06-19 18:25:41,2025-06-19 18:50:59,Bloor-Yonge,Riverdale Park,Casual,5048
101929,7.9,2025-06-19 18:42:17,2025-06-19 18:50:11,High Park,Union Station,Annual Member,5049
101930,47.7,2025-06-19 18:56:26,2025-06-19 19:44:08,Riverdale Park,Harbourfront Centre,Casual,5050
101931,12.5,2025-06-19 18:58:20,2025-06-19 19:10:50,Union Station,Kensington Market,Annual Member,5051
101932,61.2,2025-06-19 18:27:54,2025-06-19 19:29:06,Harbourfront Centre,Bloor-Yonge,Casual,5052
101933,16.9,2025-06-19 18:30:35,2025-06-19 18:47:29,Kensington Market,High Park,Annual Member,5053
101934,31.3,2025-06-19 19:50:28,2025-06-19 20:21:46,Harbourfront Centre,Bloor-Yonge,Annual Member,5054
101935,29.6,2025-06-19 19:00:05,2025-06-19 19:29:41,Kensington Market,High Park,Casual,5055
101936,19.2,2025-06-19 19:39:55,2025-06-19 19:59:07,Bloor-Yonge,Riverdale Park,Annual Member,5056
101937,36.0,2025-06-19 19:21:13,2025-06-19 19:57:13,High Park,Union Station,Casual,5057
101938,21.5,2025-06-19 19:57:48,2025-06-19 20:19:18,Riverdale Park,Harbourfront Centre,Annual Member,5058
101939,23.2,2025-06-19 19:28:55,2025-06-19 19:52:07,Union Station,Kensington Market,Casual,5059
101940,14.5,2025-06-19 20:32:36,2025-06-19 20:47:06,Kensington Market,High Park,Annual Member,5060
101941,30.7,2025-06-19 20:31:54,2025-06-19 21:02:36,Bloor-Yonge,Riverdale Park,Casual,5061
101942,24.4,2025-06-19 21:08:15,2025-06-19 21:32:39,Bloor-Yonge,Riverdale Park,Annual Member,5062
101943,38.8,2025-06-19 21:01:47,2025-06-19 21:40:35,High Park,Union Station,Casual,5063
101944,15.1,2025-06-19 22:11:25,2025-06-19 22:26:31,High Park,Union Station,Annual Member,5064
101945,37.3,2025-06-19 22:34:55,2025-06-19 23:12:13,Riverdale Park,Harbourfront Centre,Casual,5065
101946,25.0,2025-06-19 23:17:07,2025-06-19 23:42:07,Riverdale Park,Harbourfront Centre,Annual Member,5066
101947,34.7,2025-06-19 23:04:15,2025-06-19 23:38:57,Union Station,Kensington Market,Casual,5067
101948,13.5,2025-06-20 00:57:55,2025-06-20 01:11:25,Harbourfront Centre,Bloor-Yonge,Annual Member,5068
101949,26.3,2025-06-20 00:41:44,2025-06-20 01:08:02,Kensington Market,High Park,Casual,5069
101950,13.0,2025-06-20 01:24:15,2025-06-20 01:37:15,Kensington Market,High Park,Annual Member,5070
101951,89.3,2025-06-20 01:30:23,2025-06-20 02:59:41,Bloor-Yonge,Riverdale Park,Casual,5071
101952,14.9,2025-06-20 02:52:28,2025-06-20 03:07:22,Bloor-Yonge,Riverdale Park,Annual Member,5072
101953,33.6,2025-06-20 02:48:51,2025-06-20 03:22:27,High Park,Union Station,Casual,5073
101954,23.6,2025-06-20 03:24:26,2025-06-20 03:48:02,High Park,Union Station,Annual Member,5074
101955,44.5,2025-06-20 03:04:24,2025-06-20 03:48:54,Riverdale Park,Harbourfront Centre,Casual,5075
101956,18.5,2025-06-20 04:36:32,2025-06-20 04:55:02,Riverdale Park,Harbourfront Centre,Annual Member,5076
101957,33.6,2025-06-20 04:45:26,2025-06-20 05:19:02,Union Station,Kensington Market,Casual,5077
101958,14.1,2025-06-20 05:00:26,2025-06-20 05:14:32,Union Station,Kensington Market,Annual Member,5078
101959,26.6,2025-06-20 05:24:40,2025-06-20 05:51:16,Harbourfront Centre,Bloor-Yonge,Casual,5079
101960,14.2,2025-06-20 06:02:55,2025-06-20 06:17:07,Harbourfront Centre,Bloor-Yonge,Annual Member,5080
101961,12.8,2025-06-20 06:05:44,2025-06-20 06:18:32,Kensington Market,High Park,Casual,5081
101962,21.7,2025-06-20 07:16:28,2025-06-20 07:38:10,Kensington Market,High Park,Annual Member,5082
101963,13.3,2025-06-20 07:04:53,2025-06-20 07:18:11,Bloor-Yonge,Riverdale Park,Casual,5083
101964,15.2,2025-06-20 07:22:15,2025-06-20 07:37:27,High Park,Union Station,Annual Member,5084
101965,34.6,2025-06-20 07:12:44,2025-06-20 07:47:20,Riverdale Park,Harbourfront Centre,Casual,5085
101966,23.3,2025-06-20 07:36:42,2025-06-20 08:00:00,Union Station,Kensington Market,Annual Member,5086
101967,27.0,2025-06-20 07:56:58,2025-06-20 08:23:58,Harbourfront Centre,Bloor-Yonge,Casual,5087
101968,15.4,2025-06-20 08:18:06,2025-06-20 08:33:30,Bloor-Yonge,Riverdale Park,Annual Member,5088
101969,38.7,2025-06-20 08:12:28,2025-06-20 08:51:10,High Park,Union Station,Casual,5089
101970,13.6,2025-06-20 08:04:42,2025-06-20 08:18:18,Riverdale Park,Harbourfront Centre,Annual Member,5090
101971,15.7,2025-06-20 08:39:06,2025-06-20 08:54:48,Union Station,Kensington Market,Casual,5091
101972,23.9,2025-06-20 08:17:17,2025-06-20 08:41:11,Harbourfront Centre,Bloor-Yonge,Annual Member,5092
101973,57.6,2025-06-20 08:34:56,2025-06-20 09:32:32,Kensington Market,High Park,Casual,5093
101974,8.9,2025-06-20 08:33:00,2025-06-20 08:41:54,Bloor-Yonge,Riverdale Park,Annual Member,5094
101975,28.7,2025-06-20 08:33:28,2025-06-20 09:02:10,High Park,Union Station,Casual,5095
101976,18.4,2025-06-20 08:28:55,2025-06-20 08:47:19,Riverdale Park,Harbourfront Centre,Annual Member,5096
101977,14.1,2025-06-20 09:31:06,2025-06-20 09:45:12,High Park,Union Station,Annual Member,5097
101978,25.2,2025-06-20 09:51:04,2025-06-20 10:16:16,Riverdale Park,Harbourfront Centre,Casual,5098
101979,15.4,2025-06-20 09:19:24,2025-06-20 09:34:48,Union Station,Kensington Market,Annual Member,5099
101980,14.9,2025-06-20 09:36:32,2025-06-20 09:51:26,Harbourfront Centre,Bloor-Yonge,Casual,5100
101981,21.1,2025-06-20 09:56:07,2025-06-20 10:17:13,Kensington Market,High Park,Annual Member,5101
101982,26.2,2025-06-20 09:00:33,2025-06-20 09:26:45,Bloor-Yonge,Riverdale Park,Casual,5102
101983,42.4,2025-06-20 10:07:18,2025-06-20 10:49:42,Riverdale Park,Harbourfront Centre,Annual Member,5103
101984,21.4,2025-06-20 10:24:06,2025-06-20 10:45:30,Union Station,Kensington Market,Casual,5104
101985,23.8,2025-06-20 10:09:07,2025-06-20 10:32:55,Harbourfront Centre,Bloor-Yonge,Annual Member,5105
101986,28.3,2025-06-20 10:33:16,2025-06-20 11:01:34,Kensington Market,High Park,Casual,5106
101987,15.3,2025-06-20 11:48:33,2025-06-20 12:03:51,Union Station,Kensington Market,Annual Member,5107
101988,54.6,2025-06-20 11:13:58,2025-06-20 12:08:34,Harbourfront Centre,Bloor-Yonge,Casual,5108
101989,8.3,2025-06-20 11:05:50,2025-06-20 11:14:08,Kensington Market,High Park,Annual Member,5109
101990,57.2,2025-06-20 11:23:21,2025-06-20 12:20:33,Bloor-Yonge,Riverdale Park,Casual,5110
101991,40.4,2025-06-20 12:40:01,2025-06-20 13:20:25,Harbourfront Centre,Bloor-Yonge,Annual Member,5111
101992,22.6,2025-06-20 12:25:26,2025-06-20 12:48:02,Kensington Market,High Park,Casual,5112
101993,4.4,2025-06-20 12:14:51,2025-06-20 12:19:15,Bloor-Yonge,Riverdale Park,Annual Member,5113
101994,40.2,2025-06-20 12:03:19,2025-06-20 12:43:31,High Park,Union Station,Casual,5114
101995,8.5,2025-06-20 13:16:20,2025-06-20 13:24:50,Kensington Market,High Park,Annual Member,5115
101996,19.6,2025-06-20 13:33:59,2025-06-20 13:53:35,Bloor-Yonge,Riverdale Park,Casual,5116
101997,16.1,2025-06-20 13:35:55,2025-06-20 13:52:01,High Park,Union Station,Annual Member,5117
101998,33.1,2025-06-20 13:13:24,2025-06-20 13:46:30,Riverdale Park,Harbourfront Centre,Casual,5118
101999,12.5,2025-06-20 14:14:19,2025-06-20 14:26:49,Bloor-Yonge,Riverdale Park,Annual Member,5119
102000,19.5,2025-06-20 14:05:58,2025-06-20 14:25:28,High Park,Union Station,Casual,5120
102001,11.3,2025-06-20 14:47:14,2025-06-20 14:58:32,Riverdale Park,Harbourfront Centre,Annual Member,5121
102002,18.3,2025-06-20 14:15:57,2025-06-20 14:34:15,Union Station,Kensington Market,Casual,5122
102003,17.2,2025-06-20 15:02:02,2025-06-20 15:19:14,High Park,Union Station,Annual Member,5123
102004,40.2,2025-06-20 15:25:35,2025-06-20 16:05:47,Riverdale Park,Harbourfront Centre,Casual,5124
102005,21.9,2025-06-20 15:00:43,2025-06-20 15:22:37,Union Station,Kensington Market,Annual Member,5125
102006,56.3,2025-06-20 15:05:04,2025-06-20 16:01:22,Harbourfront Centre,Bloor-Yonge,Casual,5126
102007,10.0,2025-06-20 16:05:59,2025-06-20 16:15:59,Riverdale Park,Harbourfront Centre,Annual Member,5127
102008,34.2,2025-06-20 16:22:02,2025-06-20 16:56:14,Union Station,Kensington Market,Casual,5128
102009,41.4,2025-06-20 16:00:41,2025-06-20 16:42:05,Harbourfront Centre,Bloor-Yonge,Annual Member,5129
102010,25.5,2025-06-20 16:43:32,2025-06-20 17:09:02,Kensington Market,High Park,Casual,5130
102011,14.5,2025-06-20 16:08:42,2025-06-20 16:23:12,Bloor-Yonge,Riverdale Park,Annual Member,5131
102012,39.9,2025-06-20 16:07:33,2025-06-20 16:47:27,High Park,Union Station,Casual,5132
102013,23.7,2025-06-20 17:29:04,2025-06-20 17:52:46,Union Station,Kensington Market,Annual Member,5133
102014,32.6,2025-06-20 17:40:54,2025-06-20 18:13:30,Harbourfront Centre,Bloor-Yonge,Casual,5134
102015,22.9,2025-06-20 17:53:58,2025-06-20 18:16:52,Kensington Market,High Park,Annual Member,5135
102016,12.0,2025-06-20 17:48:44,2025-06-20 18:00:44,Bloor-Yonge,Riverdale Park,Casual,5136
102017,18.6,2025-06-20 17:42:12,2025-06-20 18:00:48,High Park,Union Station,Annual Member,5137
102018,25.3,2025-06-20 17:30:30,2025-06-20 17:55:48,Riverdale Park,Harbourfront Centre,Casual,5138
102019,17.6,2025-06-20 17:25:26,2025-06-20 17:43:02,Union Station,Kensington Market,Annual Member,5139
102020,20.0,2025-06-20 17:51:36,2025-06-20 18:11:36,Harbourfront Centre,Bloor-Yonge,Casual,5140
102021,10.6,2025-06-20 17:44:33,2025-06-20 17:55:09,Kensington Market,High Park,Annual Member,5141
102022,19.7,2025-06-20 18:00:28,2025-06-20 18:20:10,Harbourfront Centre,Bloor-Yonge,Annual Member,5142
102023,27.9,2025-06-20 18:03:52,2025-06-20 18:31:46,Kensington Market,High Park,Casual,5143
102024,17.2,2025-06-20 18:26:15,2025-06-20 18:43:27,Bloor-Yonge,Riverdale Park,Annual Member,5144
102025,36.0,2025-06-20 18:37:51,2025-06-20 19:13:51,High Park,Union Station,Casual,5145
102026,20.1,2025-06-20 18:56:43,2025-06-20 19:16:49,Riverdale Park,Harbourfront Centre,Annual Member,5146
102027,20.9,2025-06-20 18:49:02,2025-06-20 19:09:56,Union Station,Kensington Market,Casual,5147
102028,17.1,2025-06-20 18:34:12,2025-06-20 18:51:18,Harbourfront Centre,Bloor-Yonge,Annual Member,5148
102029,19.3,2025-06-20 18:58:50,2025-06-20 19:18:08,Kensington Market,High Park,Casual,5149
102030,23.1,2025-06-20 18:21:03,2025-06-20 18:44:09,Bloor-Yonge,Riverdale Park,Annual Member,5150
102031,35.4,2025-06-20 19:26:51,2025-06-20 20:02:15,Kensington Market,High Park,Annual Member,5151
102032,22.7,2025-06-20 19:09:52,2025-06-20 19:32:34,Bloor-Yonge,Riverdale Park,Casual,5152
102033,30.5,2025-06-20 19:22:48,2025-06-20 19:53:18,High Park,Union Station,Annual Member,5153
102034,26.6,2025-06-20 19:09:13,2025-06-20 19:35:49,Riverdale Park,Harbourfront Centre,Casual,5154
102035,15.0,2025-06-20 19:50:55,2025-06-20 20:05:55,Union Station,Kensington Market,Annual Member,5155
102036,57.6,2025-06-20 19:04:51,2025-06-20 20:02:27,Harbourfront Centre,Bloor-Yonge,Casual,5156
102037,40.5,2025-06-20 20:14:32,2025-06-20 20:55:02,Bloor-Yonge,Riverdale Park,Annual Member,5157
102038,36.3,2025-06-20 20:55:10,2025-06-20 21:31:28,High Park,Union Station,Casual,5158
102039,21.0,2025-06-20 21:44:20,2025-06-20 22:05:20,High Park,Union Station,Annual Member,5159
102040,31.4,2025-06-20 21:38:45,2025-06-20 22:10:09,Riverdale Park,Harbourfront Centre,Casual,5160
102041,32.0,2025-06-20 22:17:42,2025-06-20 22:49:42,Riverdale Park,Harbourfront Centre,Annual Member,5161
102042,46.8,2025-06-20 22:42:58,2025-06-20 23:29:46,Union Station,Kensington Market,Casual,5162
102043,18.3,2025-06-20 23:24:27,2025-06-20 23:42:45,Union Station,Kensington Market,Annual Member,5163
102044,72.5,2025-06-20 23:58:50,2025-06-21 01:11:20,Harbourfront Centre,Bloor-Yonge,Casual,5164
102045,21.0,2025-06-21 00:47:56,2025-06-21 01:08:56,Kensington Market,High Park,Annual Member,5165
102046,12.3,2025-06-21 00:14:54,2025-06-21 00:27:12,Bloor-Yonge,Riverdale Park,Casual,5166
102047,10.4,2025-06-21 01:05:17,2025-06-21 01:15:41,Bloor-Yonge,Riverdale Park,Annual Member,5167
102048,36.5,2025-06-21 01:44:19,2025-06-21 02:20:49,High Park,Union Station,Casual,5168
102049,15.6,2025-06-21 02:28:59,2025-06-21 02:44:35,High Park,Union Station,Annual Member,5169
102050,26.9,2025-06-21 02:04:59,2025-06-21 02:31:53,Riverdale Park,Harbourfront Centre,Casual,5170
102051,33.7,2025-06-21 03:29:45,2025-06-21 04:03:27,Riverdale Park,Harbourfront Centre,Annual Member,5171
102052,17.3,2025-06-21 03:14:16,2025-06-21 03:31:34,Union Station,Kensington Market,Casual,5172
102053,17.7,2025-06-21 04:58:35,2025-06-21 05:16:17,Union Station,Kensington Market,Annual Member,5173
102054,30.2,2025-06-21 04:02:37,2025-06-21 04:32:49,Harbourfront Centre,Bloor-Yonge,Casual,5174
102055,41.2,2025-06-21 05:30:45,2025-06-21 06:11:57,Harbourfront Centre,Bloor-Yonge,Annual Member,5175
102056,58.2,2025-06-21 05:33:43,2025-06-21 06:31:55,Kensington Market,High Park,Casual,5176
102057,18.6,2025-06-21 06:16:04,2025-06-21 06:34:40,Kensington Market,High Park,Annual Member,5177
102058,23.0,2025-06-21 06:49:27,2025-06-21 07:12:27,Bloor-Yonge,Riverdale Park,Casual,5178
102059,11.8,2025-06-21 07:08:10,2025-06-21 07:19:58,Bloor-Yonge,Riverdale Park,Annual Member,5179
102060,17.5,2025-06-21 07:28:55,2025-06-21 07:46:25,High Park,Union Station,Casual,5000
102061,14.2,2025-06-21 07:19:49,2025-06-21 07:34:01,Riverdale Park,Harbourfront Centre,Annual Member,5001
102062,26.4,2025-06-21 07:05:53,2025-06-21 07:32:17,Union Station,Kensington Market,Casual,5002
102063,13.5,2025-06-21 07:03:49,2025-06-21 07:17:19,Harbourfront Centre,Bloor-Yonge,Annual Member,5003
102064,25.7,2025-06-21 07:34:56,2025-06-21 08:00:38,Kensington Market,High Park,Casual,5004
102065,37.7,2025-06-21 08:11:20,2025-06-21 08:49:02,High Park,Union Station,Annual Member,5005
102066,18.5,2025-06-21 08:34:08,2025-06-21 08:52:38,Riverdale Park,Harbourfront Centre,Casual,5006
102067,24.1,2025-06-21 08:58:49,2025-06-21 09:22:55,Union Station,Kensington Market,Annual Member,5007
102068,43.6,2025-06-21 08:01:52,2025-06-21 08:45:28,Harbourfront Centre,Bloor-Yonge,Casual,5008
102069,32.2,2025-06-21 08:11:31,2025-06-21 08:43:43,Kensington Market,High Park,Annual Member,5009
102070,33.5,2025-06-21 08:07:56,2025-06-21 08:41:26,Bloor-Yonge,Riverdale Park,Casual,5010
102071,16.8,2025-06-21 08:54:27,2025-06-21 09:11:15,High Park,Union Station,Annual Member,5011
102072,27.2,2025-06-21 08:12:29,2025-06-21 08:39:41,Riverdale Park,Harbourfront Centre,Casual,5012
102073,14.1,2025-06-21 08:59:26,2025-06-21 09:13:32,Union Station,Kensington Market,Annual Member,5013
102074,23.2,2025-06-21 09:28:47,2025-06-21 09:51:59,Riverdale Park,Harbourfront Centre,Annual Member,5014
102075,38.4,2025-06-21 09:23:00,2025-06-21 10:01:24,Union Station,Kensington Market,Casual,5015
102076,30.2,2025-06-21 09:11:20,2025-06-21 09:41:32,Harbourfront Centre,Bloor-Yonge,Annual Member,5016
102077,34.0,2025-06-21 09:35:53,2025-06-21 10:09:53,Kensington Market,High Park,Casual,5017
102078,21.3,2025-06-21 09:35:37,2025-06-21 09:56:55,Bloor-Yonge,Riverdale Park,Annual Member,5018
102079,67.5,2025-06-21 09:07:26,2025-06-21 10:14:56,High Park,Union Station,Casual,5019
102080,21.3,2025-06-21 10:05:15,2025-06-21 10:26:33,Union Station,Kensington Market,Annual Member,5020
102081,25.6,2025-06-21 10:13:40,2025-06-21 10:39:16,Harbourfront Centre,Bloor-Yonge,Casual,5021
102082,30.1,2025-06-21 10:14:10,2025-06-21 10:44:16,Kensington Market,High Park,Annual Member,5022
102083,31.7,2025-06-21 10:59:01,2025-06-21 11:30:43,Bloor-Yonge,Riverdale Park,Casual,5023
102084,8.5,2025-06-21 11:51:19,2025-06-21 11:59:49,Harbourfront Centre,Bloor-Yonge,Annual Member,5024
102085,40.9,2025-06-21 11:14:56,2025-06-21 11:55:50,Kensington Market,High Park,Casual,5025
102086,22.3,2025-06-21 11:16:55,2025-06-21 11:39:13,Bloor-Yonge,Riverdale Park,Annual Member,5026
102087,31.4,2025-06-21 11:56:59,2025-06-21 12:28:23,High Park,Union Station,Casual,5027
102088,20.5,2025-06-21 11:46:46,2025-06-21 12:07:16,Riverdale Park,Harbourfront Centre,Annual Member,5028
102089,27.2,2025-06-21 11:36:38,2025-06-21 12:03:50,Union Station,Kensington Market,Casual,5029
102090,17.1,2025-06-21 11:26:42,2025-06-21 11:43:48,Harbourfront Centre,Bloor-Yonge,Annual Member,5030
102091,14.8,2025-06-21 12:40:20,2025-06-21 12:55:08,Kensington Market,High Park,Annual Member,5031
102092,37.8,2025-06-21 12:54:18,2025-06-21 13:32:06,Bloor-Yonge,Riverdale Park,Casual,5032
102093,22.6,2025-06-21 12:38:31,2025-06-21 13:01:07,High Park,Union Station,Annual Member,5033
102094,24.8,2025-06-21 12:32:47,2025-06-21 12:57:35,Riverdale Park,Harbourfront Centre,Casual,5034
102095,9.5,2025-06-21 12:25:39,2025-06-21 12:35:09,Union Station,Kensington Market,Annual Member,5035
102096,18.0,2025-06-21 12:00:21,2025-06-21 12:18:21,Harbourfront Centre,Bloor-Yonge,Casual,5036
102097,21.6,2025-06-21 12:10:06,2025-06-21 12:31:42,Kensington Market,High Park,Annual Member,5037
102098,28.7,2025-06-21 13:21:32,2025-06-21 13:50:14,Bloor-Yonge,Riverdale Park,Annual Member,5038
102099,22.4,2025-06-21 13:33:17,2025-06-21 13:55:41,High Park,Union Station,Casual,5039
102100,12.9,2025-06-21 13:53:56,2025-06-21 14:06:50,Riverdale Park,Harbourfront Centre,Annual Member,5040
102101,48.4,2025-06-21 13:57:08,2025-06-21 14:45:32,Union Station,Kensington Market,Casual,5041
102102,16.9,2025-06-21 13:02:34,2025-06-21 13:19:28,Harbourfront Centre,Bloor-Yonge,Annual Member,5042
102103,53.2,2025-06-21 13:33:58,2025-06-21 14:27:10,Kensington Market,High Park,Casual,5043
102104,25.9,2025-06-21 13:33:00,2025-06-21 13:58:54,Bloor-Yonge,Riverdale Park,Annual Member,5044
102105,26.8,2025-06-21 14:56:22,2025-06-21 15:23:10,High Park,Union Station,Annual Member,5045
102106,65.0,2025-06-21 14:07:56,2025-06-21 15:12:56,Riverdale Park,Harbourfront Centre,Casual,5046
102107,16.0,2025-06-21 14:10:30,2025-06-21 14:26:30,Union Station,Kensington Market,Annual Member,5047
102108,33.9,2025-06-21 14:19:39,2025-06-21 14:53:33,Harbourfront Centre,Bloor-Yonge,Casual,5048
102109,18.8,2025-06-21 14:17:14,2025-06-21 14:36:02,Kensington Market,High Park,Annual Member,5049
102110,25.6,2025-06-21 14:24:42,2025-06-21 14:50:18,Bloor-Yonge,Riverdale Park,Casual,5050
102111,18.3,2025-06-21 14:26:46,2025-06-21 14:45:04,High Park,Union Station,Annual Member,5051
102112,15.6,2025-06-21 15:20:34,2025-06-21 15:36:10,Riverdale Park,Harbourfront Centre,Annual Member,5052
102113,25.3,2025-06-21 15:01:44,2025-06-21 15:27:02,Union Station,Kensington Market,Casual,5053
102114,10.5,2025-06-21 15:49:08,2025-06-21 15:59:38,Harbourfront Centre,Bloor-Yonge,Annual Member,5054
102115,34.4,2025-06-21 15:09:38,2025-06-21 15:44:02,Kensington Market,High Park,Casual,5055
102116,16.8,2025-06-21 15:59:51,2025-06-21 16:16:39,Bloor-Yonge,Riverdale Park,Annual Member,5056
102117,16.8,2025-06-21 15:43:32,2025-06-21 16:00:20,High Park,Union Station,Casual,5057
102118,7.6,2025-06-21 15:14:22,2025-06-21 15:21:58,Riverdale Park,Harbourfront Centre,Annual Member,5058
102119,15.2,2025-06-21 16:23:45,2025-06-21 16:38:57,Union Station,Kensington Market,Annual Member,5059
102120,74.0,2025-06-21 16:07:09,2025-06-21 17:21:09,Harbourfront Centre,Bloor-Yonge,Casual,5060
102121,15.4,2025-06-21 16:54:20,2025-06-21 17:09:44,Kensington Market,High Park,Annual Member,5061
102122,60.1,2025-06-21 16:22:59,2025-06-21 17:23:05,Bloor-Yonge,Riverdale Park,Casual,5062
102123,14.6,2025-06-21 16:15:46,2025-06-21 16:30:22,High Park,Union Station,Annual Member,5063
102124,20.9,2025-06-21 16:00:48,2025-06-21 16:21:42,Riverdale Park,Harbourfront Centre,Casual,5064
102125,16.1,2025-06-21 16:30:00,2025-06-21 16:46:06,Union Station,Kensington Market,Annual Member,5065
102126,26.2,2025-06-21 16:34:37,2025-06-21 17:00:49,Harbourfront Centre,Bloor-Yonge,Casual,5066
102127,14.1,2025-06-21 16:37:30,2025-06-21 16:51:36,Kensington Market,High Park,Annual Member,5067
102128,36.2,2025-06-21 17:28:47,2025-06-21 18:04:59,Harbourfront Centre,Bloor-Yonge,Annual Member,5068
102129,24.8,2025-06-21 17:27:11,2025-06-21 17:51:59,Kensington Market,High Park,Casual,5069
102130,20.0,2025-06-21 17:29:35,2025-06-21 17:49:35,Bloor-Yonge,Riverdale Park,Annual Member,5070
102131,9.9,2025-06-21 17:53:27,2025-06-21 18:03:21,High Park,Union Station,Casual,5071
102132,21.0,2025-06-21 17:30:54,2025-06-21 17:51:54,Riverdale Park,Harbourfront Centre,Annual Member,5072
102133,24.2,2025-06-21 17:47:22,2025-06-21 18:11:34,Union Station,Kensington Market,Casual,5073
102134,12.1,2025-06-21 17:27:56,2025-06-21 17:40:02,Harbourfront Centre,Bloor-Yonge,Annual Member,5074
102135,46.0,2025-06-21 17:31:02,2025-06-21 18:17:02,Kensington Market,High Park,Casual,5075
102136,11.3,2025-06-21 17:25:42,2025-06-21 17:37:00,Bloor-Yonge,Riverdale Park,Annual Member,5076
102137,23.0,2025-06-21 17:37:06,2025-06-21 18:00:06,High Park,Union Station,Casual,5077
102138,18.3,2025-06-21 17:50:36,2025-06-21 18:08:54,Riverdale Park,Harbourfront Centre,Annual Member,5078
102139,37.9,2025-06-21 17:37:37,2025-06-21 18:15:31,Union Station,Kensington Market,Casual,5079
102140,14.1,2025-06-21 18:55:06,2025-06-21 19:09:12,Kensington Market,High Park,Annual Member,5080
102141,89.9,2025-06-21 18:57:34,2025-06-21 20:27:28,Bloor-Yonge,Riverdale Park,Casual,5081
102142,27.4,2025-06-21 18:21:22,2025-06-21 18:48:46,High Park,Union Station,Annual Member,5082
102143,21.8,2025-06-21 18:38:32,2025-06-21 19:00:20,Riverdale Park,Harbourfront Centre,Casual,5083
102144,21.7,2025-06-21 18:31:03,2025-06-21 18:52:45,Union Station,Kensington Market,Annual Member,5084
102145,11.9,2025-06-21 18:02:20,2025-06-21 18:14:14,Harbourfront Centre,Bloor-Yonge,Casual,5085
102146,14.2,2025-06-21 18:54:33,2025-06-21 19:08:45,Kensington Market,High Park,Annual Member,5086
102147,38.5,2025-06-21 18:15:15,2025-06-21 18:53:45,Bloor-Yonge,Riverdale Park,Casual,5087
102148,18.9,2025-06-21 18:38:30,2025-06-21 18:57:24,High Park,Union Station,Annual Member,5088
102149,39.7,2025-06-21 19:12:33,2025-06-21 19:52:15,Bloor-Yonge,Riverdale Park,Annual Member,5089
102150,30.9,2025-06-21 19:32:04,2025-06-21 20:02:58,High Park,Union Station,Casual,5090
102151,21.4,2025-06-21 19:42:02,2025-06-21 20:03:26,Riverdale Park,Harbourfront Centre,Annual Member,5091
102152,17.4,2025-06-21 19:16:06,2025-06-21 19:33:30,Union Station,Kensington Market,Casual,5092
102153,17.7,2025-06-21 19:49:23,2025-06-21 20:07:05,Harbourfront Centre,Bloor-Yonge,Annual Member,5093
102154,8.7,2025-06-21 19:37:24,2025-06-21 19:46:06,Kensington Market,High Park,Casual,5094
102155,34.7,2025-06-21 20:16:24,2025-06-21 20:51:06,High Park,Union Station,Annual Member,5095
102156,26.0,2025-06-21 20:37:00,2025-06-21 21:03:00,Riverdale Park,Harbourfront Centre,Casual,5096
102157,47.7,2025-06-21 21:37:45,2025-06-21 22:25:27,Riverdale Park,Harbourfront Centre,Annual Member,5097
102158,29.7,2025-06-21 21:27:46,2025-06-21 21:57:28,Union Station,Kensington Market,Casual,5098
102159,14.0,2025-06-21 22:59:36,2025-06-21 23:13:36,Union Station,Kensington Market,Annual Member,5099
102160,31.9,2025-06-21 22:32:28,2025-06-21 23:04:22,Harbourfront Centre,Bloor-Yonge,Casual,5100
102161,35.5,2025-06-21 23:28:37,2025-06-22 00:04:07,Harbourfront Centre,Bloor-Yonge,Annual Member,5101
102162,51.3,2025-06-21 23:01:31,2025-06-21 23:52:49,Kensington Market,High Park,Casual,5102
102163,6.3,2025-06-22 00:52:50,2025-06-22 00:59:08,Bloor-Yonge,Riverdale Park,Annual Member,5103
102164,74.7,2025-06-22 00:55:05,2025-06-22 02:09:47,High Park,Union Station,Casual,5104
102165,960,2025-06-22 01:35:18,2025-06-22 17:35:18,High Park,Union Station,Annual Member,5105
102166,54.1,2025-06-22 01:56:53,2025-06-22 02:50:59,Riverdale Park,Harbourfront Centre,Casual,5106
102167,28.3,2025-06-22 02:10:36,2025-06-22 02:38:54,Riverdale Park,Harbourfront Centre,Annual Member,5107
102168,33.2,2025-06-22 02:44:43,2025-06-22 03:17:55,Union Station,Kensington Market,Casual,5108
102169,13.3,2025-06-22 03:02:46,2025-06-22 03:16:04,Union Station,Kensington Market,Annual Member,5109
102170,28.3,2025-06-22 03:31:10,2025-06-22 03:59:28,Harbourfront Centre,Bloor-Yonge,Casual,5110
102171,21.6,2025-06-22 04:09:50,2025-06-22 04:31:26,Harbourfront Centre,Bloor-Yonge,Annual Member,5111
102172,9.2,2025-06-22 04:58:12,2025-06-22 05:07:24,Kensington Market,High Park,Casual,5112
102173,22.4,2025-06-22 05:24:53,2025-06-22 05:47:17,Kensington Market,High Park,Annual Member,5113
102174,38.2,2025-06-22 05:07:30,2025-06-22 05:45:42,Bloor-Yonge,Riverdale Park,Casual,5114
102175,13.9,2025-06-22 06:10:11,2025-06-22 06:24:05,Bloor-Yonge,Riverdale Park,Annual Member,5115
102176,19.7,2025-06-22 06:54:02,2025-06-22 07:13:44,High Park,Union Station,Casual,5116
102177,21.3,2025-06-22 07:20:34,2025-06-22 07:41:52,High Park,Union Station,Annual Member,5117
102178,34.0,2025-06-22 07:44:19,2025-06-22 08:18:19,Riverdale Park,Harbourfront Centre,Casual,5118
102179,28.5,2025-06-22 07:57:05,2025-06-22 08:25:35,Union Station,Kensington Market,Annual Member,5119
102180,61.2,2025-06-22 07:25:23,2025-06-22 08:26:35,Harbourfront Centre,Bloor-Yonge,Casual,5120
102181,13.0,2025-06-22 07:14:06,2025-06-22 07:27:06,Kensington Market,High Park,Annual Member,5121
102182,40.6,2025-06-22 07:44:55,2025-06-22 08:25:31,Bloor-Yonge,Riverdale Park,Casual,5122
102183,25.8,2025-06-22 08:31:58,2025-06-22 08:57:46,Riverdale Park,Harbourfront Centre,Annual Member,5123
102184,41.0,2025-06-22 08:18:21,2025-06-22 08:59:21,Union Station,Kensington Market,Casual,5124
102185,59.7,2025-06-22 08:37:56,2025-06-22 09:37:38,Harbourfront Centre,Bloor-Yonge,Annual Member,5125
102186,59.2,2025-06-22 08:19:35,2025-06-22 09:18:47,Kensington Market,High Park,Casual,5126
102187,16.0,2025-06-22 08:14:30,2025-06-22 08:30:30,Bloor-Yonge,Riverdale Park,Annual Member,5127
102188,40.2,2025-06-22 08:25:14,2025-06-22 09:05:26,High Park,Union Station,Casual,5128
102189,40.0,2025-06-22 08:50:33,2025-06-22 09:30:33,Riverdale Park,Harbourfront Centre,Annual Member,5129
102190,37.3,2025-06-22 08:04:58,2025-06-22 08:42:16,Union Station,Kensington Market,Casual,5130
102191,25.8,2025-06-22 08:10:35,2025-06-22 08:36:23,Harbourfront Centre,Bloor-Yonge,Annual Member,5131
102192,13.4,2025-06-22 09:28:39,2025-06-22 09:42:03,Union Station,Kensington Market,Annual Member,5132
102193,27.8,2025-06-22 09:35:54,2025-06-22 10:03:42,Harbourfront Centre,Bloor-Yonge,Casual,5133
102194,18.3,2025-06-22 09:13:54,2025-06-22 09:32:12,Kensington Market,High Park,Annual Member,5134
102195,8.4,2025-06-22 09:04:34,2025-06-22 09:12:58,Bloor-Yonge,Riverdale Park,Casual,5135
102196,15.1,2025-06-22 09:47:49,2025-06-22 10:02:55,High Park,Union Station,Annual Member,5136
102197,46.3,2025-06-22 09:17:47,2025-06-22 10:04:05,Riverdale Park,Harbourfront Centre,Casual,5137
102198,16.9,2025-06-22 10:08:44,2025-06-22 10:25:38,Harbourfront Centre,Bloor-Yonge,Annual Member,5138
102199,15.5,2025-06-22 10:25:00,2025-06-22 10:40:30,Kensington Market,High Park,Casual,5139
102200,59.3,2025-06-22 10:01:19,2025-06-22 11:00:37,Bloor-Yonge,Riverdale Park,Annual Member,5140
102201,23.6,2025-06-22 10:36:20,2025-06-22 10:59:56,High Park,Union Station,Casual,5141
102202,10.0,2025-06-22 11:16:20,2025-06-22 11:26:20,Kensington Market,High Park,Annual Member,5142
102203,13.4,2025-06-22 11:53:24,2025-06-22 12:06:48,Bloor-Yonge,Riverdale Park,Casual,5143
102204,27.3,2025-06-22 11:22:09,2025-06-22 11:49:27,High Park,Union Station,Annual Member,5144
102205,69.9,2025-06-22 11:46:10,2025-06-22 12:56:04,Riverdale Park,Harbourfront Centre,Casual,5145
102206,17.4,2025-06-22 11:08:51,2025-06-22 11:26:15,Union Station,Kensington Market,Annual Member,5146
102207,18.1,2025-06-22 11:29:25,2025-06-22 11:47:31,Harbourfront Centre,Bloor-Yonge,Casual,5147
102208,14.2,2025-06-22 11:54:08,2025-06-22 12:08:20,Kensington Market,High Park,Annual Member,5148
102209,23.8,2025-06-22 12:20:14,2025-06-22 12:44:02,Bloor-Yonge,Riverdale Park,Annual Member,5149
102210,34.8,2025-06-22 12:26:26,2025-06-22 13:01:14,High Park,Union Station,Casual,5150
102211,17.4,2025-06-22 12:21:14,2025-06-22 12:38:38,Riverdale Park,Harbourfront Centre,Annual Member,5151
102212,31.0,2025-06-22 12:49:29,2025-06-22 13:20:29,Union Station,Kensington Market,Casual,5152
102213,32.8,2025-06-22 12:08:29,2025-06-22 12:41:17,Harbourfront Centre,Bloor-Yonge,Annual Member,5153
102214,32.9,2025-06-22 12:42:24,2025-06-22 13:15:18,Kensington Market,High Park,Casual,5154
102215,11.3,2025-06-22 12:33:57,2025-06-22 12:45:15,Bloor-Yonge,Riverdale Park,Annual Member,5155
102216,5.8,2025-06-22 13:22:19,2025-06-22 13:28:07,High Park,Union Station,Annual Member,5156
102217,41.9,2025-06-22 13:02:42,2025-06-22 13:44:36,Riverdale Park,Harbourfront Centre,Casual,5157
102218,22.0,2025-06-22 13:54:34,2025-06-22 14:16:34,Union Station,Kensington Market,Annual Member,5158
102219,25.7,2025-06-22 13:18:07,2025-06-22 13:43:49,Harbourfront Centre,Bloor-Yonge,Casual,5159
102220,14.6,2025-06-22 13:08:12,2025-06-22 13:22:48,Kensington Market,High Park,Annual Member,5160
102221,26.9,2025-06-22 13:17:03,2025-06-22 13:43:57,Bloor-Yonge,Riverdale Park,Casual,5161
102222,24.5,2025-06-22 13:06:37,2025-06-22 13:31:07,High Park,Union Station,Annual Member,5162
102223,7.1,2025-06-22 14:11:06,2025-06-22 14:18:12,Riverdale Park,Harbourfront Centre,Annual Member,5163
102224,31.4,2025-06-22 14:54:10,2025-06-22 15:25:34,Union Station,Kensington Market,Casual,5164
102225,13.1,2025-06-22 14:29:51,2025-06-22 14:42:57,Harbourfront Centre,Bloor-Yonge,Annual Member,5165
102226,17.4,2025-06-22 14:23:02,2025-06-22 14:40:26,Kensington Market,High Park,Casual,5166
102227,18.6,2025-06-22 14:12:55,2025-06-22 14:31:31,Bloor-Yonge,Riverdale Park,Annual Member,5167
102228,27.8,2025-06-22 14:46:57,2025-06-22 15:14:45,High Park,Union Station,Casual,5168
102229,31.1,2025-06-22 14:22:59,2025-06-22 14:54:05,Riverdale Park,Harbourfront Centre,Annual Member,5169
102230,22.2,2025-06-22 15:38:09,2025-06-22 16:00:21,Union Station,Kensington Market,Annual Member,5170
102231,61.1,2025-06-22 15:13:22,2025-06-22 16:14:28,Harbourfront Centre,Bloor-Yonge,Casual,5171
102232,13.6,2025-06-22 15:10:45,2025-06-22 15:24:21,Kensington Market,High Park,Annual Member,5172
102233,46.8,2025-06-22 15:21:24,2025-06-22 16:08:12,Bloor-Yonge,Riverdale Park,Casual,5173
102234,12.8,2025-06-22 15:58:56,2025-06-22 16:11:44,High Park,Union Station,Annual Member,5174
102235,26.4,2025-06-22 15:15:44,2025-06-22 15:42:08,Riverdale Park,Harbourfront Centre,Casual,5175
102236,30.8,2025-06-22 15:29:30,2025-06-22 16:00:18,Union Station,Kensington Market,Annual Member,5176
102237,12.9,2025-06-22 16:16:17,2025-06-22 16:29:11,Harbourfront Centre,Bloor-Yonge,Annual Member,5177
102238,37.2,2025-06-22 16:37:09,2025-06-22 17:14:21,Kensington Market,High Park,Casual,5178
102239,24.8,2025-06-22 16:54:25,2025-06-22 17:19:13,Bloor-Yonge,Riverdale Park,Annual Member,5179
102240,45.3,2025-06-22 16:35:00,2025-06-22 17:20:18,High Park,Union Station,Casual,5000
102241,13.5,2025-06-22 16:01:30,2025-06-22 16:15:00,Riverdale Park,Harbourfront Centre,Annual Member,5001
102242,50.6,2025-06-22 16:55:46,2025-06-22 17:46:22,Union Station,Kensington Market,Casual,5002
102243,15.4,2025-06-22 16:17:58,2025-06-22 16:33:22,Harbourfront Centre,Bloor-Yonge,Annual Member,5003
102244,38.3,2025-06-22 16:30:58,2025-06-22 17:09:16,Kensington Market,High Park,Casual,5004
102245,26.7,2025-06-22 16:38:04,2025-06-22 17:04:46,Bloor-Yonge,Riverdale Park,Annual Member,5005
102246,14.2,2025-06-22 17:06:11,2025-06-22 17:20:23,Kensington Market,High Park,Annual Member,5006
102247,51.7,2025-06-22 17:07:01,2025-06-22 17:58:43,Bloor-Yonge,Riverdale Park,Casual,5007
102248,9.8,2025-06-22 17:01:24,2025-06-22 17:11:12,High Park,Union Station,Annual Member,5008
102249,12.5,2025-06-22 17:27:01,2025-06-22 17:39:31,Riverdale Park,Harbourfront Centre,Casual,5009
102250,6.4,2025-06-22 17:39:04,2025-06-22 17:45:28,Union Station,Kensington Market,Annual Member,5010
102251,16.6,2025-06-22 17:43:10,2025-06-22 17:59:46,Harbourfront Centre,Bloor-Yonge,Casual,5011
102252,15.7,2025-06-22 17:42:37,2025-06-22 17:58:19,Kensington Market,High Park,Annual Member,5012
102253,79.3,2025-06-22 17:32:55,2025-06-22 18:52:13,Bloor-Yonge,Riverdale Park,Casual,5013
102254,17.3,2025-06-22 17:32:18,2025-06-22 17:49:36,High Park,Union Station,Annual Member,5014
102255,31.7,2025-06-22 17:21:00,2025-06-22 17:52:42,Riverdale Park,Harbourfront Centre,Casual,5015
102256,13.3,2025-06-22 17:59:50,2025-06-22 18:13:08,Union Station,Kensington Market,Annual Member,5016
102257,35.9,2025-06-22 17:31:22,2025-06-22 18:07:16,Harbourfront Centre,Bloor-Yonge,Casual,5017
102258,21.7,2025-06-22 18:30:02,2025-06-22 18:51:44,Bloor-Yonge,Riverdale Park,Annual Member,5018
102259,33.2,2025-06-22 18:48:29,2025-06-22 19:21:41,High Park,Union Station,Casual,5019
102260,24.4,2025-06-22 18:45:58,2025-06-22 19:10:22,Riverdale Park,Harbourfront Centre,Annual Member,5020
102261,30.4,2025-06-22 18:01:51,2025-06-22 18:32:15,Union Station,Kensington Market,Casual,5021
102262,15.8,2025-06-22 18:00:40,2025-06-22 18:16:28,Harbourfront Centre,Bloor-Yonge,Annual Member,5022
102263,30.9,2025-06-22 18:41:56,2025-06-22 19:12:50,Kensington Market,High Park,Casual,5023
102264,18.3,2025-06-22 18:17:41,2025-06-22 18:35:59,Bloor-Yonge,Riverdale Park,Annual Member,5024
102265,21.7,2025-06-22 18:00:58,2025-06-22 18:22:40,High Park,Union Station,Casual,5025
102266,14.1,2025-06-22 18:57:44,2025-06-22 19:11:50,Riverdale Park,Harbourfront Centre,Annual Member,5026
102267,7.1,2025-06-22 19:41:05,2025-06-22 19:48:11,High Park,Union Station,Annual Member,5027
102268,27.8,2025-06-22 19:19:14,2025-06-22 19:47:02,Riverdale Park,Harbourfront Centre,Casual,5028
102269,15.8,2025-06-22 19:21:46,2025-06-22 19:37:34,Union Station,Kensington Market,Annual Member,5029
102270,30.6,2025-06-22 19:16:48,2025-06-22 19:47:24,Harbourfront Centre,Bloor-Yonge,Casual,5030
102271,23.2,2025-06-22 19:49:49,2025-06-22 20:13:01,Kensington Market,High Park,Annual Member,5031
102272,33.4,2025-06-22 19:22:33,2025-06-22 19:55:57,Bloor-Yonge,Riverdale Park,Casual,5032
102273,31.5,2025-06-22 20:27:07,2025-06-22 20:58:37,Riverdale Park,Harbourfront Centre,Annual Member,5033
102274,20.4,2025-06-22 20:49:43,2025-06-22 21:10:07,Union Station,Kensington Market,Casual,5034
102275,40.6,2025-06-22 21:01:55,2025-06-22 21:42:31,Union Station,Kensington Market,Annual Member,5035
102276,44.8,2025-06-22 21:35:59,2025-06-22 22:20:47,Harbourfront Centre,Bloor-Yonge,Casual,5036
102277,25.8,2025-06-22 22:36:13,2025-06-22 23:02:01,Harbourfront Centre,Bloor-Yonge,Annual Member,5037
102278,28.9,2025-06-22 22:23:31,2025-06-22 22:52:25,Kensington Market,High Park,Casual,5038
102279,23.8,2025-06-22 23:16:55,2025-06-22 23:40:43,Kensington Market,High Park,Annual Member,5039
102280,29.1,2025-06-22 23:06:40,2025-06-22 23:35:46,Bloor-Yonge,Riverdale Park,Casual,5040
102281,23.8,2025-06-23 00:35:01,2025-06-23 00:58:49,High Park,Union Station,Annual Member,5041
102282,42.4,2025-06-23 00:55:24,2025-06-23 01:37:48,Riverdale Park,Harbourfront Centre,Casual,5042
102283,13.4,2025-06-23 01:15:20,2025-06-23 01:28:44,Riverdale Park,Harbourfront Centre,Annual Member,5043
102284,28.2,2025-06-23 01:15:04,2025-06-23 01:43:16,Union Station,Kensington Market,Casual,5044
102285,24.5,2025-06-23 02:08:44,2025-06-23 02:33:14,Union Station,Kensington Market,Annual Member,5045
102286,26.8,2025-06-23 02:50:32,2025-06-23 03:17:20,Harbourfront Centre,Bloor-Yonge,Casual,5046
102287,80.9,2025-06-23 03:09:08,2025-06-23 04:30:02,Harbourfront Centre,Bloor-Yonge,Annual Member,5047
102288,23.1,2025-06-23 03:40:46,2025-06-23 04:03:52,Kensington Market,High Park,Casual,5048
102289,12.3,2025-06-23 04:36:33,2025-06-23 04:48:51,Kensington Market,High Park,Annual Member,5049
102290,18.3,2025-06-23 04:20:16,2025-06-23 04:38:34,Bloor-Yonge,Riverdale Park,Casual,5050
102291,7.9,2025-06-23 05:58:53,2025-06-23 06:06:47,Bloor-Yonge,Riverdale Park,Annual Member,5051
102292,24.6,2025-06-23 05:01:15,2025-06-23 05:25:51,High Park,Union Station,Casual,5052
102293,26.8,2025-06-23 06:27:53,2025-06-23 06:54:41,High Park,Union Station,Annual Member,5053
102294,28.5,2025-06-23 06:05:18,2025-06-23 06:33:48,Riverdale Park,Harbourfront Centre,Casual,5054
102295,13.1,2025-06-23 07:15:04,2025-06-23 07:28:10,Riverdale Park,Harbourfront Centre,Annual Member,5055
102296,12.3,2025-06-23 07:05:06,2025-06-23 07:17:24,Union Station,Kensington Market,Casual,5056
102297,10.0,2025-06-23 07:45:32,2025-06-23 07:55:32,Harbourfront Centre,Bloor-Yonge,Annual Member,5057
102298,16.1,2025-06-23 07:46:52,2025-06-23 08:02:58,Kensington Market,High Park,Casual,5058
102299,14.8,2025-06-23 07:00:07,2025-06-23 07:14:55,Bloor-Yonge,Riverdale Park,Annual Member,5059
102300,22.3,2025-06-23 07:43:35,2025-06-23 08:05:53,High Park,Union Station,Casual,5060
102301,41.1,2025-06-23 08:53:35,2025-06-23 09:34:41,Union Station,Kensington Market,Annual Member,5061
102302,27.1,2025-06-23 08:24:15,2025-06-23 08:51:21,Harbourfront Centre,Bloor-Yonge,Casual,5062
102303,13.7,2025-06-23 08:25:04,2025-06-23 08:38:46,Kensington Market,High Park,Annual Member,5063
102304,32.9,2025-06-23 08:05:13,2025-06-23 08:38:07,Bloor-Yonge,Riverdale Park,Casual,5064
102305,14.7,2025-06-23 08:37:53,2025-06-23 08:52:35,High Park,Union Station,Annual Member,5065
102306,26.8,2025-06-23 08:31:25,2025-06-23 08:58:13,Riverdale Park,Harbourfront Centre,Casual,5066
102307,14.1,2025-06-23 08:41:03,2025-06-23 08:55:09,Union Station,Kensington Market,Annual Member,5067
102308,21.1,2025-06-23 08:07:36,2025-06-23 08:28:42,Harbourfront Centre,Bloor-Yonge,Casual,5068
102309,22.1,2025-06-23 08:54:50,2025-06-23 09:16:56,Kensington Market,High Park,Annual Member,5069
102310,23.1,2025-06-23 09:29:45,2025-06-23 09:52:51,Harbourfront Centre,Bloor-Yonge,Annual Member,5070
102311,31.6,2025-06-23 09:33:16,2025-06-23 10:04:52,Kensington Market,High Park,Casual,5071
102312,40.1,2025-06-23 09:00:57,2025-06-23 09:41:03,Bloor-Yonge,Riverdale Park,Annual Member,5072
102313,22.1,2025-06-23 09:50:26,2025-06-23 10:12:32,High Park,Union Station,Casual,5073
102314,17.8,2025-06-23 09:51:14,2025-06-23 10:09:02,Riverdale Park,Harbourfront Centre,Annual Member,5074
102315,24.6,2025-06-23 09:31:06,2025-06-23 09:55:42,Union Station,Kensington Market,Casual,5075
102316,16.1,2025-06-23 10:42:24,2025-06-23 10:58:30,Kensington Market,High Park,Annual Member,5076
102317,15.0,2025-06-23 10:10:47,2025-06-23 10:25:47,Bloor-Yonge,Riverdale Park,Casual,5077
102318,17.8,2025-06-23 10:35:47,2025-06-23 10:53:35,High Park,Union Station,Annual Member,5078
102319,22.6,2025-06-23 10:43:07,2025-06-23 11:05:43,Riverdale Park,Harbourfront Centre,Casual,5079
102320,11.5,2025-06-23 11:58:53,2025-06-23 12:10:23,Bloor-Yonge,Riverdale Park,Annual Member,5080
102321,31.2,2025-06-23 11:03:07,2025-06-23 11:34:19,High Park,Union Station,Casual,5081
102322,13.6,2025-06-23 11:53:58,2025-06-23 12:07:34,Riverdale Park,Harbourfront Centre,Annual Member,5082
102323,55.7,2025-06-23 11:13:19,2025-06-23 12:09:01,Union Station,Kensington Market,Casual,5083
102324,10.7,2025-06-23 12:48:48,2025-06-23 12:59:30,High Park,Union Station,Annual Member,5084
102325,11.9,2025-06-23 12:35:14,2025-06-23 12:47:08,Riverdale Park,Harbourfront Centre,Casual,5085
102326,28.6,2025-06-23 12:46:02,2025-06-23 13:14:38,Union Station,Kensington Market,Annual Member,5086
102327,34.6,2025-06-23 12:16:21,2025-06-23 12:50:57,Harbourfront Centre,Bloor-Yonge,Casual,5087
102328,26.4,2025-06-23 13:04:38,2025-06-23 13:31:02,Riverdale Park,Harbourfront Centre,Annual Member,5088
102329,23.8,2025-06-23 13:45:56,2025-06-23 14:09:44,Union Station,Kensington Market,Casual,5089
102330,22.6,2025-06-23 13:17:44,2025-06-23 13:40:20,Harbourfront Centre,Bloor-Yonge,Annual Member,5090
102331,14.5,2025-06-23 13:44:20,2025-06-23 13:58:50,Kensington Market,High Park,Casual,5091
102332,42.5,2025-06-23 14:56:30,2025-06-23 15:39:00,Union Station,Kensington Market,Annual Member,5092
102333,51.9,2025-06-23 14:28:02,2025-06-23 15:19:56,Harbourfront Centre,Bloor-Yonge,Casual,5093
102334,15.7,2025-06-23 14:55:27,2025-06-23 15:11:09,Kensington Market,High Park,Annual Member,5094
102335,39.1,2025-06-23 14:41:19,2025-06-23 15:20:25,Bloor-Yonge,Riverdale Park,Casual,5095
102336,28.8,2025-06-23 15:53:10,2025-06-23 16:21:58,Harbourfront Centre,Bloor-Yonge,Annual Member,5096
102337,18.1,2025-06-23 15:12:26,2025-06-23 15:30:32,Kensington Market,High Park,Casual,5097
102338,26.7,2025-06-23 15:02:41,2025-06-23 15:29:23,Bloor-Yonge,Riverdale Park,Annual Member,5098
102339,27.0,2025-06-23 15:52:24,2025-06-23 16:19:24,High Park,Union Station,Casual,5099
102340,24.5,2025-06-23 16:58:40,2025-06-23 17:23:10,Kensington Market,High Park,Annual Member,5100
102341,24.0,2025-06-23 16:58:11,2025-06-23 17:22:11,Bloor-Yonge,Riverdale Park,Casual,5101
102342,13.3,2025-06-23 16:58:14,2025-06-23 17:11:32,High Park,Union Station,Annual Member,5102
102343,17.0,2025-06-23 16:19:44,2025-06-23 16:36:44,Riverdale Park,Harbourfront Centre,Casual,5103
102344,28.9,2025-06-23 16:09:59,2025-06-23 16:38:53,Union Station,Kensington Market,Annual Member,5104
102345,34.3,2025-06-23 16:08:30,2025-06-23 16:42:48,Harbourfront Centre,Bloor-Yonge,Casual,5105
102346,19.9,2025-06-23 17:22:11,2025-06-23 17:42:05,Bloor-Yonge,Riverdale Park,Annual Member,5106
102347,32.1,2025-06-23 17:56:41,2025-06-23 18:28:47,High Park,Union Station,Casual,5107
102348,21.0,2025-06-23 17:51:44,2025-06-23 18:12:44,Riverdale Park,Harbourfront Centre,Annual Member,5108
102349,40.8,2025-06-23 17:19:41,2025-06-23 18:00:29,Union Station,Kensington Market,Casual,5109
102350,26.7,2025-06-23 17:28:09,2025-06-23 17:54:51,Harbourfront Centre,Bloor-Yonge,Annual Member,5110
102351,25.3,2025-06-23 17:15:48,2025-06-23 17:41:06,Kensington Market,High Park,Casual,5111
102352,23.2,2025-06-23 17:15:36,2025-06-23 17:38:48,Bloor-Yonge,Riverdale Park,Annual Member,5112
102353,32.0,2025-06-23 17:33:03,2025-06-23 18:05:03,High Park,Union Station,Casual,5113
102354,12.9,2025-06-23 17:10:24,2025-06-23 17:23:18,Riverdale Park,Harbourfront Centre,Annual Member,5114
102355,18.5,2025-06-23 18:35:11,2025-06-23 18:53:41,High Park,Union Station,Annual Member,5115
102356,37.9,2025-06-23 18:06:05,2025-06-23 18:43:59,Riverdale Park,Harbourfront Centre,Casual,5116
102357,14.5,2025-06-23 18:51:29,2025-06-23 19:05:59,Union Station,Kensington Market,Annual Member,5117
102358,24.5,2025-06-23 18:21:34,2025-06-23 18:46:04,Harbourfront Centre,Bloor-Yonge,Casual,5118
102359,14.7,2025-06-23 18:39:41,2025-06-23 18:54:23,Kensington Market,High Park,Annual Member,5119
102360,38.2,2025-06-23 18:32:21,2025-06-23 19:10:33,Bloor-Yonge,Riverdale Park,Casual,5120
102361,13.5,2025-06-23 18:32:46,2025-06-23 18:46:16,High Park,Union Station,Annual Member,5121
102362,23.5,2025-06-23 18:33:57,2025-06-23 18:57:27,Riverdale Park,Harbourfront Centre,Casual,5122
102363,20.2,2025-06-23 18:55:43,2025-06-23 19:15:55,Union Station,Kensington Market,Annual Member,5123
102364,15.1,2025-06-23 19:13:30,2025-06-23 19:28:36,Riverdale Park,Harbourfront Centre,Annual Member,5124
102365,26.3,2025-06-23 19:25:46,2025-06-23 19:52:04,Union Station,Kensington Market,Casual,5125
102366,10.4,2025-06-23 19:05:37,2025-06-23 19:16:01,Harbourfront Centre,Bloor-Yonge,Annual Member,5126
102367,22.5,2025-06-23 19:37:59,2025-06-23 20:00:29,Kensington Market,High Park,Casual,5127
102368,33.8,2025-06-23 19:24:21,2025-06-23 19:58:09,Bloor-Yonge,Riverdale Park,Annual Member,5128
102369,27.8,2025-06-23 19:20:05,2025-06-23 19:47:53,High Park,Union Station,Casual,5129
102370,16.1,2025-06-23 20:35:22,2025-06-23 20:51:28,Union Station,Kensington Market,Annual Member,5130
102371,46.4,2025-06-23 20:44:41,2025-06-23 21:31:05,Harbourfront Centre,Bloor-Yonge,Casual,5131
102372,10.2,2025-06-23 21:39:24,2025-06-23 21:49:36,Harbourfront Centre,Bloor-Yonge,Annual Member,5132
102373,8.6,2025-06-23 21:44:43,2025-06-23 21:53:19,Kensington Market,High Park,Casual,5133
102374,27.0,2025-06-23 22:02:26,2025-06-23 22:29:26,Kensington Market,High Park,Annual Member,5134
102375,48.2,2025-06-23 22:09:51,2025-06-23 22:58:03,Bloor-Yonge,Riverdale Park,Casual,5135
102376,11.3,2025-06-23 23:37:39,2025-06-23 23:48:57,Bloor-Yonge,Riverdale Park,Annual Member,5136
102377,24.4,2025-06-23 23:32:56,2025-06-23 23:57:20,High Park,Union Station,Casual,5137
102378,15.0,2025-06-24 00:16:13,2025-06-24 00:31:13,Riverdale Park,Harbourfront Centre,Annual Member,5138
102379,52.2,2025-06-24 00:55:42,2025-06-24 01:47:54,Union Station,Kensington Market,Casual,5139
102380,23.8,2025-06-24 01:17:53,2025-06-24 01:41:41,Union Station,Kensington Market,Annual Member,5140
102381,14.3,2025-06-24 01:11:46,2025-06-24 01:26:04,Harbourfront Centre,Bloor-Yonge,Casual,5141
102382,20.5,2025-06-24 02:50:18,2025-06-24 03:10:48,Harbourfront Centre,Bloor-Yonge,Annual Member,5142
102383,10.4,2025-06-24 02:44:45,2025-06-24 02:55:09,Kensington Market,High Park,Casual,5143
102384,12.7,2025-06-24 03:38:01,2025-06-24 03:50:43,Kensington Market,High Park,Annual Member,5144
102385,32.6,2025-06-24 03:21:46,2025-06-24 03:54:22,Bloor-Yonge,Riverdale Park,Casual,5145
102386,15.6,2025-06-24 04:16:52,2025-06-24 04:32:28,Bloor-Yonge,Riverdale Park,Annual Member,5146
102387,35.3,2025-06-24 04:56:09,2025-06-24 05:31:27,High Park,Union Station,Casual,5147
102388,56.1,2025-06-24 05:48:15,2025-06-24 06:44:21,High Park,Union Station,Annual Member,5148
102389,30.2,2025-06-24 05:55:28,2025-06-24 06:25:40,Riverdale Park,Harbourfront Centre,Casual,5149
102390,8.0,2025-06-24 06:03:25,2025-06-24 06:11:25,Riverdale Park,Harbourfront Centre,Annual Member,5150
102391,16.9,2025-06-24 06:08:33,2025-06-24 06:25:27,Union Station,Kensington Market,Casual,5151
102392,15.0,2025-06-24 07:39:34,2025-06-24 07:54:34,Union Station,Kensington Market,Annual Member,5152
102393,25.2,2025-06-24 07:41:49,2025-06-24 08:07:01,Harbourfront Centre,Bloor-Yonge,Casual,5153
102394,17.6,2025-06-24 07:48:42,2025-06-24 08:06:18,Kensington Market,High Park,Annual Member,5154
102395,23.7,2025-06-24 07:10:31,2025-06-24 07:34:13,Bloor-Yonge,Riverdale Park,Casual,5155
102396,24.3,2025-06-24 07:47:59,2025-06-24 08:12:17,High Park,Union Station,Annual Member,5156
102397,47.0,2025-06-24 07:03:39,2025-06-24 07:50:39,Riverdale Park,Harbourfront Centre,Casual,5157
102398,21.8,2025-06-24 08:23:54,2025-06-24 08:45:42,Harbourfront Centre,Bloor-Yonge,Annual Member,5158
102399,16.5,2025-06-24 08:21:27,2025-06-24 08:37:57,Kensington Market,High Park,Casual,5159
102400,13.9,2025-06-24 08:20:39,2025-06-24 08:34:33,Bloor-Yonge,Riverdale Park,Annual Member,5160
102401,48.0,2025-06-24 08:07:09,2025-06-24 08:55:09,High Park,Union Station,Casual,5161
102402,24.5,2025-06-24 08:41:32,2025-06-24 09:06:02,Riverdale Park,Harbourfront Centre,Annual Member,5162
102403,34.4,2025-06-24 08:34:32,2025-06-24 09:08:56,Union Station,Kensington Market,Casual,5163
102404,17.1,2025-06-24 08:35:37,2025-06-24 08:52:43,Harbourfront Centre,Bloor-Yonge,Annual Member,5164
102405,34.7,2025-06-24 08:19:52,2025-06-24 08:54:34,Kensington Market,High Park,Casual,5165
102406,41.4,2025-06-24 08:20:50,2025-06-24 09:02:14,Bloor-Yonge,Riverdale Park,Annual Member,5166
102407,17.5,2025-06-24 09:53:22,2025-06-24 10:10:52,Kensington Market,High Park,Annual Member,5167
102408,23.1,2025-06-24 09:34:14,2025-06-24 09:57:20,Bloor-Yonge,Riverdale Park,Casual,5168
102409,21.6,2025-06-24 09:12:39,2025-06-24 09:34:15,High Park,Union Station,Annual Member,5169
102410,42.4,2025-06-24 09:58:07,2025-06-24 10:40:31,Riverdale Park,Harbourfront Centre,Casual,5170
102411,14.1,2025-06-24 09:34:57,2025-06-24 09:49:03,Union Station,Kensington Market,Annual Member,5171
102412,39.1,2025-06-24 09:21:00,2025-06-24 10:00:06,Harbourfront Centre,Bloor-Yonge,Casual,5172
102413,20.9,2025-06-24 10:07:50,2025-06-24 10:28:44,Bloor-Yonge,Riverdale Park,Annual Member,5173
102414,36.7,2025-06-24 10:37:05,2025-06-24 11:13:47,High Park,Union Station,Casual,5174
102415,26.7,2025-06-24 10:03:06,2025-06-24 10:29:48,Riverdale Park,Harbourfront Centre,Annual Member,5175
102416,10.7,2025-06-24 10:25:17,2025-06-24 10:35:59,Union Station,Kensington Market,Casual,5176
102417,25.8,2025-06-24 11:30:52,2025-06-24 11:56:40,High Park,Union Station,Annual Member,5177
102418,35.4,2025-06-24 11:33:44,2025-06-24 12:09:08,Riverdale Park,Harbourfront Centre,Casual,5178
102419,16.9,2025-06-24 11:18:12,2025-06-24 11:35:06,Union Station,Kensington Market,Annual Member,5179
102420,38.4,2025-06-24 11:25:30,2025-06-24 12:03:54,Harbourfront Centre,Bloor-Yonge,Casual,5000
102421,28.9,2025-06-24 12:02:48,2025-06-24 12:31:42,Riverdale Park,Harbourfront Centre,Annual Member,5001
102422,33.8,2025-06-24 12:26:32,2025-06-24 13:00:20,Union Station,Kensington Market,Casual,5002
102423,20.2,2025-06-24 12:37:20,2025-06-24 12:57:32,Harbourfront Centre,Bloor-Yonge,Annual Member,5003
102424,39.0,2025-06-24 12:04:18,2025-06-24 12:43:18,Kensington Market,High Park,Casual,5004
102425,12.2,2025-06-24 13:21:23,2025-06-24 13:33:35,Union Station,Kensington Market,Annual Member,5005
102426,15.1,2025-06-24 13:35:50,2025-06-24 13:50:56,Harbourfront Centre,Bloor-Yonge,Casual,5006
102427,25.3,2025-06-24 13:03:24,2025-06-24 13:28:42,Kensington Market,High Park,Annual Member,5007
102428,33.2,2025-06-24 13:24:32,2025-06-24 13:57:44,Bloor-Yonge,Riverdale Park,Casual,5008
102429,23.2,2025-06-24 14:33:03,2025-06-24 14:56:15,Harbourfront Centre,Bloor-Yonge,Annual Member,5009
102430,18.2,2025-06-24 14:03:52,2025-06-24 14:22:04,Kensington Market,High Park,Casual,5010
102431,15.0,2025-06-24 14:43:16,2025-06-24 14:58:16,Bloor-Yonge,Riverdale Park,Annual Member,5011
102432,29.6,2025-06-24 14:43:51,2025-06-24 15:13:27,High Park,Union Station,Casual,5012
102433,7.8,2025-06-24 15:10:45,2025-06-24 15:18:33,Kensington Market,High Park,Annual Member,5013
102434,40.4,2025-06-24 15:41:11,2025-06-24 16:21:35,Bloor-Yonge,Riverdale Park,Casual,5014
102435,13.7,2025-06-24 15:49:10,2025-06-24 16:02:52,High Park,Union Station,Annual Member,5015
102436,43.3,2025-06-24 15:27:43,2025-06-24 16:11:01,Riverdale Park,Harbourfront Centre,Casual,5016
102437,10.1,2025-06-24 16:25:16,2025-06-24 16:35:22,Bloor-Yonge,Riverdale Park,Annual Member,5017
102438,14.9,2025-06-24 16:32:08,2025-06-24 16:47:02,High Park,Union Station,Casual,5018
102439,25.0,2025-06-24 16:43:35,2025-06-24 17:08:35,Riverdale Park,Harbourfront Centre,Annual Member,5019
102440,71.1,2025-06-24 16:38:44,2025-06-24 17:49:50,Union Station,Kensington Market,Casual,5020
102441,30.7,2025-06-24 16:07:57,2025-06-24 16:38:39,Harbourfront Centre,Bloor-Yonge,Annual Member,5021
102442,24.8,2025-06-24 16:14:45,2025-06-24 16:39:33,Kensington Market,High Park,Casual,5022
102443,20.4,2025-06-24 17:47:08,2025-06-24 18:07:32,High Park,Union Station,Annual Member,5023
102444,31.0,2025-06-24 17:01:15,2025-06-24 17:32:15,Riverdale Park,Harbourfront Centre,Casual,5024
102445,14.7,2025-06-24 17:20:55,2025-06-24 17:35:37,Union Station,Kensington Market,Annual Member,5025
102446,73.3,2025-06-24 17:02:28,2025-06-24 18:15:46,Harbourfront Centre,Bloor-Yonge,Casual,5026
102447,18.9,2025-06-24 17:00:39,2025-06-24 17:19:33,Kensington Market,High Park,Annual Member,5027
102448,29.1,2025-06-24 17:55:58,2025-06-24 18:25:04,Bloor-Yonge,Riverdale Park,Casual,5028
102449,15.6,2025-06-24 17:10:29,2025-06-24 17:26:05,High Park,Union Station,Annual Member,5029
102450,45.9,2025-06-24 17:59:27,2025-06-24 18:45:21,Riverdale Park,Harbourfront Centre,Casual,5030
102451,18.9,2025-06-24 17:48:29,2025-06-24 18:07:23,Union Station,Kensington Market,Annual Member,5031
102452,6.9,2025-06-24 18:47:18,2025-06-24 18:54:12,Riverdale Park,Harbourfront Centre,Annual Member,5032
102453,37.7,2025-06-24 18:05:53,2025-06-24 18:43:35,Union Station,Kensington Market,Casual,5033
102454,38.5,2025-06-24 18:25:29,2025-06-24 19:03:59,Harbourfront Centre,Bloor-Yonge,Annual Member,5034
102455,39.1,2025-06-24 18:56:01,2025-06-24 19:35:07,Kensington Market,High Park,Casual,5035
102456,22.4,2025-06-24 18:24:55,2025-06-24 18:47:19,Bloor-Yonge,Riverdale Park,Annual Member,5036
102457,14.6,2025-06-24 18:43:58,2025-06-24 18:58:34,High Park,Union Station,Casual,5037
102458,13.5,2025-06-24 18:36:06,2025-06-24 18:49:36,Riverdale Park,Harbourfront Centre,Annual Member,5038
102459,34.0,2025-06-24 18:01:24,2025-06-24 18:35:24,Union Station,Kensington Market,Casual,5039
102460,50.8,2025-06-24 18:28:13,2025-06-24 19:19:01,Harbourfront Centre,Bloor-Yonge,Annual Member,5040
102461,36.4,2025-06-24 19:05:05,2025-06-24 19:41:29,Union Station,Kensington Market,Annual Member,5041
102462,11.4,2025-06-24 19:49:10,2025-06-24 20:00:34,Harbourfront Centre,Bloor-Yonge,Casual,5042
102463,11.9,2025-06-24 19:04:49,2025-06-24 19:16:43,Kensington Market,High Park,Annual Member,5043
102464,50.3,2025-06-24 19:39:53,2025-06-24 20:30:11,Bloor-Yonge,Riverdale Park,Casual,5044
102465,12.1,2025-06-24 19:43:51,2025-06-24 19:55:57,High Park,Union Station,Annual Member,5045
102466,16.4,2025-06-24 19:48:22,2025-06-24 20:04:46,Riverdale Park,Harbourfront Centre,Casual,5046
102467,13.4,2025-06-24 20:57:43,2025-06-24 21:11:07,Harbourfront Centre,Bloor-Yonge,Annual Member,5047
102468,50.6,2025-06-24 20:45:25,2025-06-24 21:36:01,Kensington Market,High Park,Casual,5048
102469,12.9,2025-06-24 21:53:06,2025-06-24 22:06:00,Kensington Market,High Park,Annual Member,5049
102470,29.4,2025-06-24 21:33:53,2025-06-24 22:03:17,Bloor-Yonge,Riverdale Park,Casual,5050
102471,17.7,2025-06-24 22:24:13,2025-06-24 22:41:55,Bloor-Yonge,Riverdale Park,Annual Member,5051
102472,32.5,2025-06-24 22:53:42,2025-06-24 23:26:12,High Park,Union Station,Casual,5052
102473,18.5,2025-06-24 23:53:13,2025-06-25 00:11:43,High Park,Union Station,Annual Member,5053
102474,21.1,2025-06-24 23:00:13,2025-06-24 23:21:19,Riverdale Park,Harbourfront Centre,Casual,5054
102475,19.8,2025-06-25 00:36:20,2025-06-25 00:56:08,Union Station,Kensington Market,Annual Member,5055
102476,95.4,2025-06-25 00:13:14,2025-06-25 01:48:38,Harbourfront Centre,Bloor-Yonge,Casual,5056
102477,8.4,2025-06-25 01:24:59,2025-06-25 01:33:23,Harbourfront Centre,Bloor-Yonge,Annual Member,5057
102478,17.8,2025-06-25 01:47:04,2025-06-25 02:04:52,Kensington Market,High Park,Casual,5058
102479,26.4,2025-06-25 02:19:06,2025-06-25 02:45:30,Kensington Market,High Park,Annual Member,5059
102480,69.4,2025-06-25 02:19:25,2025-06-25 03:28:49,Bloor-Yonge,Riverdale Park,Casual,5060
102481,27.3,2025-06-25 03:59:16,2025-06-25 04:26:34,Bloor-Yonge,Riverdale Park,Annual Member,5061
102482,40.2,2025-06-25 03:44:33,2025-06-25 04:24:45,High Park,Union Station,Casual,5062
102483,19.1,2025-06-25 04:54:24,2025-06-25 05:13:30,High Park,Union Station,Annual Member,5063
102484,21.3,2025-06-25 04:08:37,2025-06-25 04:29:55,Riverdale Park,Harbourfront Centre,Casual,5064
102485,14.1,2025-06-25 05:56:22,2025-06-25 06:10:28,Riverdale Park,Harbourfront Centre,Annual Member,5065
102486,48.0,2025-06-25 05:09:08,2025-06-25 05:57:08,Union Station,Kensington Market,Casual,5066
102487,17.1,2025-06-25 06:15:07,2025-06-25 06:32:13,Union Station,Kensington Market,Annual Member,5067
102488,31.5,2025-06-25 06:53:54,2025-06-25 07:25:24,Harbourfront Centre,Bloor-Yonge,Casual,5068
102489,17.4,2025-06-25 07:35:29,2025-06-25 07:52:53,Harbourfront Centre,Bloor-Yonge,Annual Member,5069
102490,22.3,2025-06-25 07:19:37,2025-06-25 07:41:55,Kensington Market,High Park,Casual,5070
102491,6.3,2025-06-25 07:16:05,2025-06-25 07:22:23,Bloor-Yonge,Riverdale Park,Annual Member,5071
102492,32.9,2025-06-25 07:34:00,2025-06-25 08:06:54,High Park,Union Station,Casual,5072
102493,24.9,2025-06-25 07:27:31,2025-06-25 07:52:25,Riverdale Park,Harbourfront Centre,Annual Member,5073
102494,30.6,2025-06-25 07:07:20,2025-06-25 07:37:56,Union Station,Kensington Market,Casual,5074
102495,44.8,2025-06-25 08:44:05,2025-06-25 09:28:53,Kensington Market,High Park,Annual Member,5075
102496,49.7,2025-06-25 08:32:24,2025-06-25 09:22:06,Bloor-Yonge,Riverdale Park,Casual,5076
102497,13.7,2025-06-25 08:32:25,2025-06-25 08:46:07,High Park,Union Station,Annual Member,5077
102498,26.9,2025-06-25 08:09:09,2025-06-25 08:36:03,Riverdale Park,Harbourfront Centre,Casual,5078
102499,25.6,2025-06-25 08:24:58,2025-06-25 08:50:34,Union Station,Kensington Market,Annual Member,5079
102500,14.6,2025-06-25 08:09:19,2025-06-25 08:23:55,Harbourfront Centre,Bloor-Yonge,Casual,5080
102501,13.1,2025-06-25 08:40:25,2025-06-25 08:53:31,Kensington Market,High Park,Annual Member,5081
102502,10.5,2025-06-25 08:20:03,2025-06-25 08:30:33,Bloor-Yonge,Riverdale Park,Casual,5082
102503,26.6,2025-06-25 08:54:18,2025-06-25 09:20:54,High Park,Union Station,Annual Member,5083
102504,16.7,2025-06-25 09:03:55,2025-06-25 09:20:37,Bloor-Yonge,Riverdale Park,Annual Member,5084
102505,32.6,2025-06-25 09:23:46,2025-06-25 09:56:22,High Park,Union Station,Casual,5085
102506,17.0,2025-06-25 09:52:22,2025-06-25 10:09:22,Riverdale Park,Harbourfront Centre,Annual Member,5086
102507,36.1,2025-06-25 09:16:36,2025-06-25 09:52:42,Union Station,Kensington Market,Casual,5087
102508,11.2,2025-06-25 09:24:41,2025-06-25 09:35:53,Harbourfront Centre,Bloor-Yonge,Annual Member,5088
102509,50.5,2025-06-25 09:09:50,2025-06-25 10:00:20,Kensington Market,High Park,Casual,5089
102510,30.6,2025-06-25 10:36:25,2025-06-25 11:07:01,High Park,Union Station,Annual Member,5090
102511,17.3,2025-06-25 10:16:48,2025-06-25 10:34:06,Riverdale Park,Harbourfront Centre,Casual,5091
102512,14.0,2025-06-25 10:59:43,2025-06-25 11:13:43,Union Station,Kensington Market,Annual Member,5092
102513,21.4,2025-06-25 10:57:28,2025-06-25 11:18:52,Harbourfront Centre,Bloor-Yonge,Casual,5093
102514,11.5,2025-06-25 11:37:03,2025-06-25 11:48:33,Riverdale Park,Harbourfront Centre,Annual Member,5094
102515,20.3,2025-06-25 11:22:02,2025-06-25 11:42:20,Union Station,Kensington Market,Casual,5095
102516,19.0,2025-06-25 11:39:39,2025-06-25 11:58:39,Harbourfront Centre,Bloor-Yonge,Annual Member,5096
102517,48.5,2025-06-25 11:10:11,2025-06-25 11:58:41,Kensington Market,High Park,Casual,5097
102518,14.5,2025-06-25 12:11:53,2025-06-25 12:26:23,Union Station,Kensington Market,Annual Member,5098
102519,30.4,2025-06-25 12:00:20,2025-06-25 12:30:44,Harbourfront Centre,Bloor-Yonge,Casual,5099
102520,11.2,2025-06-25 12:58:30,2025-06-25 13:09:42,Kensington Market,High Park,Annual Member,5100
102521,17.2,2025-06-25 12:26:02,2025-06-25 12:43:14,Bloor-Yonge,Riverdale Park,Casual,5101
102522,27.3,2025-06-25 13:42:31,2025-06-25 14:09:49,Harbourfront Centre,Bloor-Yonge,Annual Member,5102
102523,56.2,2025-06-25 13:55:54,2025-06-25 14:52:06,Kensington Market,High Park,Casual,5103
102524,12.5,2025-06-25 13:14:06,2025-06-25 13:26:36,Bloor-Yonge,Riverdale Park,Annual Member,5104
102525,25.1,2025-06-25 13:03:22,2025-06-25 13:28:28,High Park,Union Station,Casual,5105
102526,15.9,2025-06-25 14:49:57,2025-06-25 15:05:51,Kensington Market,High Park,Annual Member,5106
102527,26.7,2025-06-25 14:38:38,2025-06-25 15:05:20,Bloor-Yonge,Riverdale Park,Casual,5107
102528,16.2,2025-06-25 14:18:14,2025-06-25 14:34:26,High Park,Union Station,Annual Member,5108
102529,37.9,2025-06-25 14:35:54,2025-06-25 15:13:48,Riverdale Park,Harbourfront Centre,Casual,5109
102530,14.7,2025-06-25 15:26:59,2025-06-25 15:41:41,Bloor-Yonge,Riverdale Park,Annual Member,5110
102531,52.9,2025-06-25 15:58:08,2025-06-25 16:51:02,High Park,Union Station,Casual,5111
102532,22.9,2025-06-25 15:27:49,2025-06-25 15:50:43,Riverdale Park,Harbourfront Centre,Annual Member,5112
102533,23.4,2025-06-25 15:36:43,2025-06-25 16:00:07,Union Station,Kensington Market,Casual,5113
102534,14.5,2025-06-25 16:25:44,2025-06-25 16:40:14,High Park,Union Station,Annual Member,5114
102535,17.0,2025-06-25 16:49:08,2025-06-25 17:06:08,Riverdale Park,Harbourfront Centre,Casual,5115
102536,11.5,2025-06-25 16:44:20,2025-06-25 16:55:50,Union Station,Kensington Market,Annual Member,5116
102537,26.6,2025-06-25 16:04:47,2025-06-25 16:31:23,Harbourfront Centre,Bloor-Yonge,Casual,5117
102538,30.2,2025-06-25 16:07:16,2025-06-25 16:37:28,Kensington Market,High Park,Annual Member,5118
102539,26.4,2025-06-25 16:19:09,2025-06-25 16:45:33,Bloor-Yonge,Riverdale Park,Casual,5119
102540,16.8,2025-06-25 17:33:09,2025-06-25 17:49:57,Riverdale Park,Harbourfront Centre,Annual Member,5120
102541,22.2,2025-06-25 17:46:42,2025-06-25 18:08:54,Union Station,Kensington Market,Casual,5121
102542,13.2,2025-06-25 17:46:53,2025-06-25 18:00:05,Harbourfront Centre,Bloor-Yonge,Annual Member,5122
102543,29.8,2025-06-25 17:34:59,2025-06-25 18:04:47,Kensington Market,High Park,Casual,5123
102544,22.2,2025-06-25 17:12:48,2025-06-25 17:35:00,Bloor-Yonge,Riverdale Park,Annual Member,5124
102545,25.1,2025-06-25 17:35:02,2025-06-25 18:00:08,High Park,Union Station,Casual,5125
102546,11.4,2025-06-25 17:11:07,2025-06-25 17:22:31,Riverdale Park,Harbourfront Centre,Annual Member,5126
102547,49.0,2025-06-25 17:46:31,2025-06-25 18:35:31,Union Station,Kensington Market,Casual,5127
102548,21.1,2025-06-25 17:38:06,2025-06-25 17:59:12,Harbourfront Centre,Bloor-Yonge,Annual Member,5128
102549,21.9,2025-06-25 18:45:13,2025-06-25 19:07:07,Union Station,Kensington Market,Annual Member,5129
102550,14.1,2025-06-25 18:52:19,2025-06-25 19:06:25,Harbourfront Centre,Bloor-Yonge,Casual,5130
102551,20.3,2025-06-25 18:13:39,2025-06-25 18:33:57,Kensington Market,High Park,Annual Member,5131
102552,37.4,2025-06-25 18:29:16,2025-06-25 19:06:40,Bloor-Yonge,Riverdale Park,Casual,5132
102553,18.4,2025-06-25 18:31:48,2025-06-25 18:50:12,High Park,Union Station,Annual Member,5133
102554,20.6,2025-06-25 18:37:33,2025-06-25 18:58:09,Riverdale Park,Harbourfront Centre,Casual,5134
102555,12.4,2025-06-25 18:11:00,2025-06-25 18:23:24,Union Station,Kensington Market,Annual Member,5135
102556,32.4,2025-06-25 18:53:17,2025-06-25 19:25:41,Harbourfront Centre,Bloor-Yonge,Casual,5136
102557,43.1,2025-06-25 18:26:21,2025-06-25 19:09:27,Kensington Market,High Park,Annual Member,5137
102558,8.1,2025-06-25 19:47:35,2025-06-25 19:55:41,Harbourfront Centre,Bloor-Yonge,Annual Member,5138
102559,28.1,2025-06-25 19:49:54,2025-06-25 20:18:00,Kensington Market,High Park,Casual,5139
102560,17.4,2025-06-25 19:01:53,2025-06-25 19:19:17,Bloor-Yonge,Riverdale Park,Annual Member,5140
102561,28.3,2025-06-25 19:53:50,2025-06-25 20:22:08,High Park,Union Station,Casual,5141
102562,18.8,2025-06-25 19:02:30,2025-06-25 19:21:18,Riverdale Park,Harbourfront Centre,Annual Member,5142
102563,14.9,2025-06-25 19:38:49,2025-06-25 19:53:43,Union Station,Kensington Market,Casual,5143
102564,26.6,2025-06-25 20:43:48,2025-06-25 21:10:24,Kensington Market,High Park,Annual Member,5144
102565,19.6,2025-06-25 20:55:52,2025-06-25 21:15:28,Bloor-Yonge,Riverdale Park,Casual,5145
102566,16.4,2025-06-25 21:58:04,2025-06-25 22:14:28,Bloor-Yonge,Riverdale Park,Annual Member,5146
102567,16.0,2025-06-25 21:01:55,2025-06-25 21:17:55,High Park,Union Station,Casual,5147
102568,14.2,2025-06-25 22:13:26,2025-06-25 22:27:38,High Park,Union Station,Annual Member,5148
102569,29.2,2025-06-25 22:48:50,2025-06-25 23:18:02,Riverdale Park,Harbourfront Centre,Casual,5149
102570,25.8,2025-06-25 23:35:52,2025-06-26 00:01:40,Riverdale Park,Harbourfront Centre,Annual Member,5150
102571,17.3,2025-06-25 23:33:26,2025-06-25 23:50:44,Union Station,Kensington Market,Casual,5151
102572,19.4,2025-06-26 00:48:40,2025-06-26 01:08:04,Harbourfront Centre,Bloor-Yonge,Annual Member,5152
102573,28.4,2025-06-26 00:59:48,2025-06-26 01:28:12,Kensington Market,High Park,Casual,5153
102574,15.7,2025-06-26 01:26:44,2025-06-26 01:42:26,Kensington Market,High Park,Annual Member,5154
102575,20.7,2025-06-26 01:52:50,2025-06-26 02:13:32,Bloor-Yonge,Riverdale Park,Casual,5155
102576,14.5,2025-06-26 02:21:35,2025-06-26 02:36:05,Bloor-Yonge,Riverdale Park,Annual Member,5156
102577,18.3,2025-06-26 02:12:44,2025-06-26 02:31:02,High Park,Union Station,Casual,5157
102578,12.2,2025-06-26 03:24:08,2025-06-26 03:36:20,High Park,Union Station,Annual Member,5158
102579,27.8,2025-06-26 03:21:07,2025-06-26 03:48:55,Riverdale Park,Harbourfront Centre,Casual,5159
102580,27.3,2025-06-26 04:44:41,2025-06-26 05:11:59,Riverdale Park,Harbourfront Centre,Annual Member,5160
102581,32.7,2025-06-26 04:20:19,2025-06-26 04:53:01,Union Station,Kensington Market,Casual,5161
102582,18.1,2025-06-26 05:35:46,2025-06-26 05:53:52,Union Station,Kensington Market,Annual Member,5162
102583,41.0,2025-06-26 05:41:06,2025-06-26 06:22:06,Harbourfront Centre,Bloor-Yonge,Casual,5163
102584,7.7,2025-06-26 06:11:25,2025-06-26 06:19:07,Harbourfront Centre,Bloor-Yonge,Annual Member,5164
102585,17.7,2025-06-26 06:20:39,2025-06-26 06:38:21,Kensington Market,High Park,Casual,5165
102586,18.1,2025-06-26 07:19:33,2025-06-26 07:37:39,Kensington Market,High Park,Annual Member,5166
102587,40.7,2025-06-26 07:49:15,2025-06-26 08:29:57,Bloor-Yonge,Riverdale Park,Casual,5167
102588,12.9,2025-06-26 07:51:38,2025-06-26 08:04:32,High Park,Union Station,Annual Member,5168
102589,34.8,2025-06-26 07:33:36,2025-06-26 08:08:24,Riverdale Park,Harbourfront Centre,Casual,5169
102590,14.6,2025-06-26 07:57:46,2025-06-26 08:12:22,Union Station,Kensington Market,Annual Member,5170
102591,21.1,2025-06-26 07:28:16,2025-06-26 07:49:22,Harbourfront Centre,Bloor-Yonge,Casual,5171
102592,17.1,2025-06-26 08:27:12,2025-06-26 08:44:18,Bloor-Yonge,Riverdale Park,Annual Member,5172
102593,27.6,2025-06-26 08:37:02,2025-06-26 09:04:38,High Park,Union Station,Casual,5173
102594,21.9,2025-06-26 08:13:09,2025-06-26 08:35:03,Riverdale Park,Harbourfront Centre,Annual Member,5174
102595,23.1,2025-06-26 08:38:01,2025-06-26 09:01:07,Union Station,Kensington Market,Casual,5175
102596,12.4,2025-06-26 08:32:13,2025-06-26 08:44:37,Harbourfront Centre,Bloor-Yonge,Annual Member,5176
102597,29.5,2025-06-26 08:37:41,2025-06-26 09:07:11,Kensington Market,High Park,Casual,5177
102598,23.5,2025-06-26 08:35:06,2025-06-26 08:58:36,Bloor-Yonge,Riverdale Park,Annual Member,5178
102599,16.2,2025-06-26 08:37:44,2025-06-26 08:53:56,High Park,Union Station,Casual,5179
102600,25.2,2025-06-26 08:16:27,2025-06-26 08:41:39,Riverdale Park,Harbourfront Centre,Annual Member,5000
102601,19.7,2025-06-26 09:26:27,2025-06-26 09:46:09,High Park,Union Station,Annual Member,5001
102602,24.1,2025-06-26 09:56:40,2025-06-26 10:20:46,Riverdale Park,Harbourfront Centre,Casual,5002
102603,12.6,2025-06-26 09:18:36,2025-06-26 09:31:12,Union Station,Kensington Market,Annual Member,5003
102604,45.0,2025-06-26 09:21:06,2025-06-26 10:06:06,Harbourfront Centre,Bloor-Yonge,Casual,5004
102605,17.2,2025-06-26 09:37:52,2025-06-26 09:55:04,Kensington Market,High Park,Annual Member,5005
102606,20.1,2025-06-26 09:23:51,2025-06-26 09:43:57,Bloor-Yonge,Riverdale Park,Casual,5006
102607,21.2,2025-06-26 10:55:12,2025-06-26 11:16:24,Riverdale Park,Harbourfront Centre,Annual Member,5007
102608,15.1,2025-06-26 10:11:17,2025-06-26 10:26:23,Union Station,Kensington Market,Casual,5008
102609,31.9,2025-06-26 10:16:48,2025-06-26 10:48:42,Harbourfront Centre,Bloor-Yonge,Annual Member,5009
102610,40.0,2025-06-26 10:14:46,2025-06-26 10:54:46,Kensington Market,High Park,Casual,5010
102611,20.5,2025-06-26 11:22:31,2025-06-26 11:43:01,Union Station,Kensington Market,Annual Member,5011
102612,55.8,2025-06-26 11:41:12,2025-06-26 12:37:00,Harbourfront Centre,Bloor-Yonge,Casual,5012
102613,8.9,2025-06-26 11:32:47,2025-06-26 11:41:41,Kensington Market,High Park,Annual Member,5013
102614,18.0,2025-06-26 11:10:35,2025-06-26 11:28:35,Bloor-Yonge,Riverdale Park,Casual,5014
102615,9.8,2025-06-26 12:34:53,2025-06-26 12:44:41,Harbourfront Centre,Bloor-Yonge,Annual Member,5015
102616,62.5,2025-06-26 12:59:34,2025-06-26 14:02:04,Kensington Market,High Park,Casual,5016
102617,26.7,2025-06-26 12:19:03,2025-06-26 12:45:45,Bloor-Yonge,Riverdale Park,Annual Member,5017
102618,31.0,2025-06-26 12:14:24,2025-06-26 12:45:24,High Park,Union Station,Casual,5018
102619,10.8,2025-06-26 13:57:55,2025-06-26 14:08:43,Kensington Market,High Park,Annual Member,5019
102620,26.9,2025-06-26 13:44:23,2025-06-26 14:11:17,Bloor-Yonge,Riverdale Park,Casual,5020
102621,31.9,2025-06-26 13:53:43,2025-06-26 14:25:37,High Park,Union Station,Annual Member,5021
102622,21.7,2025-06-26 13:40:56,2025-06-26 14:02:38,Riverdale Park,Harbourfront Centre,Casual,5022
102623,10.1,2025-06-26 14:39:55,2025-06-26 14:50:01,Bloor-Yonge,Riverdale Park,Annual Member,5023
102624,33.3,2025-06-26 14:28:20,2025-06-26 15:01:38,High Park,Union Station,Casual,5024
102625,38.8,2025-06-26 14:25:02,2025-06-26 15:03:50,Riverdale Park,Harbourfront Centre,Annual Member,5025
102626,27.1,2025-06-26 14:48:41,2025-06-26 15:15:47,Union Station,Kensington Market,Casual,5026
102627,13.4,2025-06-26 15:11:28,2025-06-26 15:24:52,High Park,Union Station,Annual Member,5027
102628,39.7,2025-06-26 15:25:17,2025-06-26 16:04:59,Riverdale Park,Harbourfront Centre,Casual,5028
102629,12.4,2025-06-26 15:00:19,2025-06-26 15:12:43,Union Station,Kensington Market,Annual Member,5029
102630,44.9,2025-06-26 15:08:31,2025-06-26 15:53:25,Harbourfront Centre,Bloor-Yonge,Casual,5030
102631,15.6,2025-06-26 16:11:38,2025-06-26 16:27:14,Riverdale Park,Harbourfront Centre,Annual Member,5031
102632,27.8,2025-06-26 16:19:16,2025-06-26 16:47:04,Union Station,Kensington Market,Casual,5032
102633,12.8,2025-06-26 16:13:31,2025-06-26 16:26:19,Harbourfront Centre,Bloor-Yonge,Annual Member,5033
102634,50.8,2025-06-26 16:15:51,2025-06-26 17:06:39,Kensington Market,High Park,Casual,5034
102635,17.8,2025-06-26 16:39:40,2025-06-26 16:57:28,Bloor-Yonge,Riverdale Park,Annual Member,5035
102636,35.1,2025-06-26 16:24:13,2025-06-26 16:59:19,High Park,Union Station,Casual,5036
102637,11.2,2025-06-26 17:21:00,2025-06-26 17:32:12,Union Station,Kensington Market,Annual Member,5037
102638,33.1,2025-06-26 17:06:52,2025-06-26 17:39:58,Harbourfront Centre,Bloor-Yonge,Casual,5038
102639,11.7,2025-06-26 17:41:27,2025-06-26 17:53:09,Kensington Market,High Park,Annual Member,5039
102640,27.5,2025-06-26 17:39:27,2025-06-26 18:06:57,Bloor-Yonge,Riverdale Park,Casual,5040
102641,61.1,2025-06-26 17:49:02,2025-06-26 18:50:08,High Park,Union Station,Annual Member,5041
102642,31.4,2025-06-26 17:09:11,2025-06-26 17:40:35,Riverdale Park,Harbourfront Centre,Casual,5042
102643,40.5,2025-06-26 17:37:44,2025-06-26 18:18:14,Union Station,Kensington Market,Annual Member,5043
102644,21.9,2025-06-26 17:35:11,2025-06-26 17:57:05,Harbourfront Centre,Bloor-Yonge,Casual,5044
102645,10.0,2025-06-26 17:21:03,2025-06-26 17:31:03,Kensington Market,High Park,Annual Member,5045
102646,22.1,2025-06-26 18:57:08,2025-06-26 19:19:14,Harbourfront Centre,Bloor-Yonge,Annual Member,5046
102647,9.9,2025-06-26 18:50:52,2025-06-26 19:00:46,Kensington Market,High Park,Casual,5047
102648,11.9,2025-06-26 18:45:02,2025-06-26 18:56:56,Bloor-Yonge,Riverdale Park,Annual Member,5048
102649,30.6,2025-06-26 18:18:42,2025-06-26 18:49:18,High Park,Union Station,Casual,5049
102650,24.8,2025-06-26 18:09:10,2025-06-26 18:33:58,Riverdale Park,Harbourfront Centre,Annual Member,5050
102651,41.9,2025-06-26 18:19:13,2025-06-26 19:01:07,Union Station,Kensington Market,Casual,5051
102652,12.0,2025-06-26 18:56:38,2025-06-26 19:08:38,Harbourfront Centre,Bloor-Yonge,Annual Member,5052
102653,25.4,2025-06-26 18:01:35,2025-06-26 18:26:59,Kensington Market,High Park,Casual,5053
102654,18.9,2025-06-26 18:20:53,2025-06-26 18:39:47,Bloor-Yonge,Riverdale Park,Annual Member,5054
102655,10.9,2025-06-26 19:04:41,2025-06-26 19:15:35,Kensington Market,High Park,Annual Member,5055
102656,42.5,2025-06-26 19:46:11,2025-06-26 20:28:41,Bloor-Yonge,Riverdale Park,Casual,5056
102657,21.2,2025-06-26 19:17:58,2025-06-26 19:39:10,High Park,Union Station,Annual Member,5057
102658,22.4,2025-06-26 19:10:46,2025-06-26 19:33:10,Riverdale Park,Harbourfront Centre,Casual,5058
102659,28.8,2025-06-26 19:55:13,2025-06-26 20:24:01,Union Station,Kensington Market,Annual Member,5059
102660,25.5,2025-06-26 19:44:19,2025-06-26 20:09:49,Harbourfront Centre,Bloor-Yonge,Casual,5060
102661,33.8,2025-06-26 20:47:20,2025-06-26 21:21:08,Bloor-Yonge,Riverdale Park,Annual Member,5061
102662,17.7,2025-06-26 20:26:29,2025-06-26 20:44:11,High Park,Union Station,Casual,5062
102663,12.0,2025-06-26 21:18:01,2025-06-26 21:30:01,High Park,Union Station,Annual Member,5063
102664,49.7,2025-06-26 21:29:24,2025-06-26 22:19:06,Riverdale Park,Harbourfront Centre,Casual,5064
102665,17.6,2025-06-26 22:16:17,2025-06-26 22:33:53,Riverdale Park,Harbourfront Centre,Annual Member,5065
102666,33.5,2025-06-26 22:29:45,2025-06-26 23:03:15,Union Station,Kensington Market,Casual,5066
102667,19.6,2025-06-26 23:59:22,2025-06-27 00:18:58,Union Station,Kensington Market,Annual Member,5067
102668,23.5,2025-06-26 23:07:17,2025-06-26 23:30:47,Harbourfront Centre,Bloor-Yonge,Casual,5068
102669,20.0,2025-06-27 00:39:31,2025-06-27 00:59:31,Kensington Market,High Park,Annual Member,5069
102670,39.9,2025-06-27 00:52:59,2025-06-27 01:32:53,Bloor-Yonge,Riverdale Park,Casual,5070
102671,15.8,2025-06-27 01:58:30,2025-06-27 02:14:18,Bloor-Yonge,Riverdale Park,Annual Member,5071
102672,27.2,2025-06-27 01:02:56,2025-06-27 01:30:08,High Park,Union Station,Casual,5072
102673,14.0,2025-06-27 02:32:33,2025-06-27 02:46:33,High Park,Union Station,Annual Member,5073
102674,29.4,2025-06-27 02:16:22,2025-06-27 02:45:46,Riverdale Park,Harbourfront Centre,Casual,5074
102675,17.5,2025-06-27 03:43:21,2025-06-27 04:00:51,Riverdale Park,Harbourfront Centre,Annual Member,5075
102676,67.6,2025-06-27 03:04:57,2025-06-27 04:12:33,Union Station,Kensington Market,Casual,5076
102677,13.2,2025-06-27 04:45:55,2025-06-27 04:59:07,Union Station,Kensington Market,Annual Member,5077
102678,26.2,2025-06-27 04:14:59,2025-06-27 04:41:11,Harbourfront Centre,Bloor-Yonge,Casual,5078
102679,43.0,2025-06-27 05:34:04,2025-06-27 06:17:04,Harbourfront Centre,Bloor-Yonge,Annual Member,5079
102680,14.0,2025-06-27 05:35:29,2025-06-27 05:49:29,Kensington Market,High Park,Casual,5080
102681,15.4,2025-06-27 06:14:12,2025-06-27 06:29:36,Kensington Market,High Park,Annual Member,5081
102682,25.5,2025-06-27 06:38:05,2025-06-27 07:03:35,Bloor-Yonge,Riverdale Park,Casual,5082
102683,20.8,2025-06-27 07:12:34,2025-06-27 07:33:22,Bloor-Yonge,Riverdale Park,Annual Member,5083
102684,63.4,2025-06-27 07:57:53,2025-06-27 09:01:17,High Park,Union Station,Casual,5084
102685,9.7,2025-06-27 07:18:55,2025-06-27 07:28:37,Riverdale Park,Harbourfront Centre,Annual Member,5085
102686,19.3,2025-06-27 07:07:30,2025-06-27 07:26:48,Union Station,Kensington Market,Casual,5086
102687,24.0,2025-06-27 07:15:33,2025-06-27 07:39:33,Harbourfront Centre,Bloor-Yonge,Annual Member,5087
102688,27.0,2025-06-27 07:24:21,2025-06-27 07:51:21,Kensington Market,High Park,Casual,5088
102689,30.4,2025-06-27 08:29:41,2025-06-27 09:00:05,High Park,Union Station,Annual Member,5089
102690,19.5,2025-06-27 08:38:45,2025-06-27 08:58:15,Riverdale Park,Harbourfront Centre,Casual,5090
102691,22.8,2025-06-27 08:10:52,2025-06-27 08:33:40,Union Station,Kensington Market,Annual Member,5091
102692,30.3,2025-06-27 08:31:30,2025-06-27 09:01:48,Harbourfront Centre,Bloor-Yonge,Casual,5092
102693,26.1,2025-06-27 08:47:19,2025-06-27 09:13:25,Kensington Market,High Park,Annual Member,5093
102694,48.4,2025-06-27 08:31:51,2025-06-27 09:20:15,Bloor-Yonge,Riverdale Park,Casual,5094
102695,7.3,2025-06-27 08:16:35,2025-06-27 08:23:53,High Park,Union Station,Annual Member,5095
102696,28.3,2025-06-27 08:24:58,2025-06-27 08:53:16,Riverdale Park,Harbourfront Centre,Casual,5096
102697,23.0,2025-06-27 08:10:32,2025-06-27 08:33:32,Union Station,Kensington Market,Annual Member,5097
102698,22.4,2025-06-27 09:59:52,2025-06-27 10:22:16,Riverdale Park,Harbourfront Centre,Annual Member,5098
102699,31.5,2025-06-27 09:15:04,2025-06-27 09:46:34,Union Station,Kensington Market,Casual,5099
102700,11.6,2025-06-27 09:14:25,2025-06-27 09:26:01,Harbourfront Centre,Bloor-Yonge,Annual Member,5100
102701,29.7,2025-06-27 09:45:00,2025-06-27 10:14:42,Kensington Market,High Park,Casual,5101
102702,11.5,2025-06-27 09:15:16,2025-06-27 09:26:46,Bloor-Yonge,Riverdale Park,Annual Member,5102
102703,14.4,2025-06-27 09:41:53,2025-06-27 09:56:17,High Park,Union Station,Casual,5103
102704,9.5,2025-06-27 10:48:56,2025-06-27 10:58:26,Union Station,Kensington Market,Annual Member,5104
102705,9.7,2025-06-27 10:11:21,2025-06-27 10:21:03,Harbourfront Centre,Bloor-Yonge,Casual,5105
102706,20.6,2025-06-27 10:31:59,2025-06-27 10:52:35,Kensington Market,High Park,Annual Member,5106
102707,28.9,2025-06-27 10:00:42,2025-06-27 10:29:36,Bloor-Yonge,Riverdale Park,Casual,5107
102708,13.5,2025-06-27 11:54:51,2025-06-27 12:08:21,Harbourfront Centre,Bloor-Yonge,Annual Member,5108
102709,29.5,2025-06-27 11:46:31,2025-06-27 12:16:01,Kensington Market,High Park,Casual,5109
102710,18.5,2025-06-27 11:40:52,2025-06-27 11:59:22,Bloor-Yonge,Riverdale Park,Annual Member,5110
102711,38.4,2025-06-27 11:26:54,2025-06-27 12:05:18,High Park,Union Station,Casual,5111
102712,21.1,2025-06-27 12:37:35,2025-06-27 12:58:41,Kensington Market,High Park,Annual Member,5112
102713,36.0,2025-06-27 12:27:47,2025-06-27 13:03:47,Bloor-Yonge,Riverdale Park,Casual,5113
102714,38.4,2025-06-27 12:47:08,2025-06-27 13:25:32,High Park,Union Station,Annual Member,5114
102715,27.6,2025-06-27 12:01:08,2025-06-27 12:28:44,Riverdale Park,Harbourfront Centre,Casual,5115
102716,37.1,2025-06-27 13:51:06,2025-06-27 14:28:12,Bloor-Yonge,Riverdale Park,Annual Member,5116
102717,58.2,2025-06-27 13:16:30,2025-06-27 14:14:42,High Park,Union Station,Casual,5117
102718,20.4,2025-06-27 13:41:27,2025-06-27 14:01:51,Riverdale Park,Harbourfront Centre,Annual Member,5118
102719,44.2,2025-06-27 13:45:58,2025-06-27 14:30:10,Union Station,Kensington Market,Casual,5119
102720,13.4,2025-06-27 14:20:31,2025-06-27 14:33:55,High Park,Union Station,Annual Member,5120
102721,20.5,2025-06-27 14:50:01,2025-06-27 15:10:31,Riverdale Park,Harbourfront Centre,Casual,5121
102722,23.1,2025-06-27 14:19:36,2025-06-27 14:42:42,Union Station,Kensington Market,Annual Member,5122
102723,35.6,2025-06-27 14:01:49,2025-06-27 14:37:25,Harbourfront Centre,Bloor-Yonge,Casual,5123
102724,8.0,2025-06-27 15:31:20,2025-06-27 15:39:20,Riverdale Park,Harbourfront Centre,Annual Member,5124
102725,13.6,2025-06-27 15:30:48,2025-06-27 15:44:24,Union Station,Kensington Market,Casual,5125
102726,16.7,2025-06-27 15:05:28,2025-06-27 15:22:10,Harbourfront Centre,Bloor-Yonge,Annual Member,5126
102727,68.6,2025-06-27 15:22:45,2025-06-27 16:31:21,Kensington Market,High Park,Casual,5127
102728,27.7,2025-06-27 16:26:13,2025-06-27 16:53:55,Union Station,Kensington Market,Annual Member,5128
102729,53.4,2025-06-27 16:23:17,2025-06-27 17:16:41,Harbourfront Centre,Bloor-Yonge,Casual,5129
102730,30.5,2025-06-27 16:02:39,2025-06-27 16:33:09,Kensington Market,High Park,Annual Member,5130
102731,56.2,2025-06-27 16:09:37,2025-06-27 17:05:49,Bloor-Yonge,Riverdale Park,Casual,5131
102732,23.0,2025-06-27 16:27:15,2025-06-27 16:50:15,High Park,Union Station,Annual Member,5132
102733,40.8,2025-06-27 16:06:50,2025-06-27 16:47:38,Riverdale Park,Harbourfront Centre,Casual,5133
102734,15.5,2025-06-27 17:58:47,2025-06-27 18:14:17,Harbourfront Centre,Bloor-Yonge,Annual Member,5134
102735,22.9,2025-06-27 17:25:30,2025-06-27 17:48:24,Kensington Market,High Park,Casual,5135
102736,8.0,2025-06-27 17:20:13,2025-06-27 17:28:13,Bloor-Yonge,Riverdale Park,Annual Member,5136
102737,15.6,2025-06-27 17:29:12,2025-06-27 17:44:48,High Park,Union Station,Casual,5137
102738,11.8,2025-06-27 17:26:20,2025-06-27 17:38:08,Riverdale Park,Harbourfront Centre,Annual Member,5138
102739,29.6,2025-06-27 17:42:53,2025-06-27 18:12:29,Union Station,Kensington Market,Casual,5139
102740,26.7,2025-06-27 17:06:53,2025-06-27 17:33:35,Harbourfront Centre,Bloor-Yonge,Annual Member,5140
102741,54.9,2025-06-27 17:36:40,2025-06-27 18:31:34,Kensington Market,High Park,Casual,5141
102742,15.6,2025-06-27 17:19:17,2025-06-27 17:34:53,Bloor-Yonge,Riverdale Park,Annual Member,5142
102743,33.4,2025-06-27 18:38:43,2025-06-27 19:12:07,Kensington Market,High Park,Annual Member,5143
102744,40.0,2025-06-27 18:59:46,2025-06-27 19:39:46,Bloor-Yonge,Riverdale Park,Casual,5144
102745,16.0,2025-06-27 18:03:05,2025-06-27 18:19:05,High Park,Union Station,Annual Member,5145
102746,30.2,2025-06-27 18:56:00,2025-06-27 19:26:12,Riverdale Park,Harbourfront Centre,Casual,5146
102747,16.9,2025-06-27 18:51:58,2025-06-27 19:08:52,Union Station,Kensington Market,Annual Member,5147
102748,23.4,2025-06-27 18:34:27,2025-06-27 18:57:51,Harbourfront Centre,Bloor-Yonge,Casual,5148
102749,31.0,2025-06-27 18:25:09,2025-06-27 18:56:09,Kensington Market,High Park,Annual Member,5149
102750,34.2,2025-06-27 18:00:59,2025-06-27 18:35:11,Bloor-Yonge,Riverdale Park,Casual,5150
102751,35.1,2025-06-27 18:35:42,2025-06-27 19:10:48,High Park,Union Station,Annual Member,5151
102752,11.4,2025-06-27 19:55:41,2025-06-27 20:07:05,Bloor-Yonge,Riverdale Park,Annual Member,5152
102753,31.2,2025-06-27 19:00:07,2025-06-27 19:31:19,High Park,Union Station,Casual,5153
102754,19.3,2025-06-27 19:54:17,2025-06-27 20:13:35,Riverdale Park,Harbourfront Centre,Annual Member,5154
102755,31.6,2025-06-27 19:17:36,2025-06-27 19:49:12,Union Station,Kensington Market,Casual,5155
102756,22.0,2025-06-27 19:10:22,2025-06-27 19:32:22,Harbourfront Centre,Bloor-Yonge,Annual Member,5156
102757,19.1,2025-06-27 19:14:48,2025-06-27 19:33:54,Kensington Market,High Park,Casual,5157
102758,32.5,2025-06-27 20:03:15,2025-06-27 20:35:45,High Park,Union Station,Annual Member,5158
102759,46.9,2025-06-27 20:58:56,2025-06-27 21:45:50,Riverdale Park,Harbourfront Centre,Casual,5159
102760,27.1,2025-06-27 21:38:28,2025-06-27 22:05:34,Riverdale Park,Harbourfront Centre,Annual Member,5160
102761,42.9,2025-06-27 21:43:13,2025-06-27 22:26:07,Union Station,Kensington Market,Casual,5161
102762,10.0,2025-06-27 22:54:03,2025-06-27 23:04:03,Union Station,Kensington Market,Annual Member,5162
102763,57.0,2025-06-27 22:13:17,2025-06-27 23:10:17,Harbourfront Centre,Bloor-Yonge,Casual,5163
102764,30.1,2025-06-27 23:34:15,2025-06-28 00:04:21,Harbourfront Centre,Bloor-Yonge,Annual Member,5164
102765,42.1,2025-06-27 23:55:08,2025-06-28 00:37:14,Kensington Market,High Park,Casual,5165
102766,16.0,2025-06-28 00:03:46,2025-06-28 00:19:46,Bloor-Yonge,Riverdale Park,Annual Member,5166
102767,26.1,2025-06-28 00:53:23,2025-06-28 01:19:29,High Park,Union Station,Casual,5167
102768,28.8,2025-06-28 01:14:56,2025-06-28 01:43:44,High Park,Union Station,Annual Member,5168
102769,38.3,2025-06-28 01:16:32,2025-06-28 01:54:50,Riverdale Park,Harbourfront Centre,Casual,5169
102770,22.7,2025-06-28 02:01:23,2025-06-28 02:24:05,Riverdale Park,Harbourfront Centre,Annual Member,5170
102771,36.2,2025-06-28 02:25:41,2025-06-28 03:01:53,Union Station,Kensington Market,Casual,5171
102772,32.9,2025-06-28 03:13:01,2025-06-28 03:45:55,Union Station,Kensington Market,Annual Member,5172
102773,46.1,2025-06-28 03:25:47,2025-06-28 04:11:53,Harbourfront Centre,Bloor-Yonge,Casual,5173
102774,13.3,2025-06-28 04:12:18,2025-06-28 04:25:36,Harbourfront Centre,Bloor-Yonge,Annual Member,5174
102775,19.1,2025-06-28 04:18:12,2025-06-28 04:37:18,Kensington Market,High Park,Casual,5175
102776,18.5,2025-06-28 05:41:34,2025-06-28 06:00:04,Kensington Market,High Park,Annual Member,5176
102777,27.6,2025-06-28 05:08:40,2025-06-28 05:36:16,Bloor-Yonge,Riverdale Park,Casual,5177
102778,12.9,2025-06-28 06:28:01,2025-06-28 06:40:55,Bloor-Yonge,Riverdale Park,Annual Member,5178
102779,50.6,2025-06-28 06:15:58,2025-06-28 07:06:34,High Park,Union Station,Casual,5179
102780,45.3,2025-06-28 07:29:53,2025-06-28 08:15:11,High Park,Union Station,Annual Member,5000
102781,33.0,2025-06-28 07:07:29,2025-06-28 07:40:29,Riverdale Park,Harbourfront Centre,Casual,5001
102782,23.5,2025-06-28 07:50:39,2025-06-28 08:14:09,Union Station,Kensington Market,Annual Member,5002
102783,15.2,2025-06-28 07:23:10,2025-06-28 07:38:22,Harbourfront Centre,Bloor-Yonge,Casual,5003
102784,24.3,2025-06-28 07:33:41,2025-06-28 07:57:59,Kensington Market,High Park,Annual Member,5004
102785,19.9,2025-06-28 07:10:49,2025-06-28 07:30:43,Bloor-Yonge,Riverdale Park,Casual,5005
102786,10.9,2025-06-28 08:32:56,2025-06-28 08:43:50,Riverdale Park,Harbourfront Centre,Annual Member,5006
102787,17.9,2025-06-28 08:57:44,2025-06-28 09:15:38,Union Station,Kensington Market,Casual,5007
102788,38.0,2025-06-28 08:38:59,2025-06-28 09:16:59,Harbourfront Centre,Bloor-Yonge,Annual Member,5008
102789,9.2,2025-06-28 08:48:10,2025-06-28 08:57:22,Kensington Market,High Park,Casual,5009
102790,14.2,2025-06-28 08:29:49,2025-06-28 08:44:01,Bloor-Yonge,Riverdale Park,Annual Member,5010
102791,12.3,2025-06-28 08:22:24,2025-06-28 08:34:42,High Park,Union Station,Casual,5011
102792,20.0,2025-06-28 08:53:55,2025-06-28 09:13:55,Riverdale Park,Harbourfront Centre,Annual Member,5012
102793,39.7,2025-06-28 08:47:56,2025-06-28 09:27:38,Union Station,Kensington Market,Casual,5013
102794,14.7,2025-06-28 08:43:36,2025-06-28 08:58:18,Harbourfront Centre,Bloor-Yonge,Annual Member,5014
102795,21.0,2025-06-28 09:42:34,2025-06-28 10:03:34,Union Station,Kensington Market,Annual Member,5015
102796,13.5,2025-06-28 09:10:30,2025-06-28 09:24:00,Harbourfront Centre,Bloor-Yonge,Casual,5016
102797,22.8,2025-06-28 09:15:33,2025-06-28 09:38:21,Kensington Market,High Park,Annual Member,5017
102798,55.8,2025-06-28 09:11:19,2025-06-28 10:07:07,Bloor-Yonge,Riverdale Park,Casual,5018
102799,42.3,2025-06-28 09:34:01,2025-06-28 10:16:19,High Park,Union Station,Annual Member,5019
102800,6.0,2025-06-28 09:36:58,2025-06-28 09:42:58,Riverdale Park,Harbourfront Centre,Casual,5020
102801,17.7,2025-06-28 10:40:10,2025-06-28 10:57:52,Harbourfront Centre,Bloor-Yonge,Annual Member,5021
102802,36.8,2025-06-28 10:07:11,2025-06-28 10:43:59,Kensington Market,High Park,Casual,5022
102803,19.8,2025-06-28 10:55:33,2025-06-28 11:15:21,Bloor-Yonge,Riverdale Park,Annual Member,5023
102804,7.3,2025-06-28 10:05:14,2025-06-28 10:12:32,High Park,Union Station,Casual,5024
102805,8.8,2025-06-28 11:34:42,2025-06-28 11:43:30,Kensington Market,High Park,Annual Member,5025
102806,32.9,2025-06-28 11:11:25,2025-06-28 11:44:19,Bloor-Yonge,Riverdale Park,Casual,5026
102807,17.2,2025-06-28 11:50:19,2025-06-28 12:07:31,High Park,Union Station,Annual Member,5027
102808,15.1,2025-06-28 11:16:41,2025-06-28 11:31:47,Riverdale Park,Harbourfront Centre,Casual,5028
102809,13.3,2025-06-28 11:10:42,2025-06-28 11:24:00,Union Station,Kensington Market,Annual Member,5029
102810,40.0,2025-06-28 11:15:24,2025-06-28 11:55:24,Harbourfront Centre,Bloor-Yonge,Casual,5030
102811,29.2,2025-06-28 11:26:24,2025-06-28 11:55:36,Kensington Market,High Park,Annual Member,5031
102812,35.5,2025-06-28 12:54:19,2025-06-28 13:29:49,Bloor-Yonge,Riverdale Park,Annual Member,5032
102813,18.7,2025-06-28 12:39:59,2025-06-28 12:58:41,High Park,Union Station,Casual,5033
102814,23.8,2025-06-28 12:43:29,2025-06-28 13:07:17,Riverdale Park,Harbourfront Centre,Annual Member,5034
102815,35.5,2025-06-28 12:55:28,2025-06-28 13:30:58,Union Station,Kensington Market,Casual,5035
102816,10.4,2025-06-28 12:33:01,2025-06-28 12:43:25,Harbourfront Centre,Bloor-Yonge,Annual Member,5036
102817,30.3,2025-06-28 12:57:18,2025-06-28 13:27:36,Kensington Market,High Park,Casual,5037
102818,21.1,2025-06-28 12:32:57,2025-06-28 12:54:03,Bloor-Yonge,Riverdale Park,Annual Member,5038
102819,23.6,2025-06-28 13:40:01,2025-06-28 14:03:37,High Park,Union Station,Annual Member,5039
102820,12.4,2025-06-28 13:11:49,2025-06-28 13:24:13,Riverdale Park,Harbourfront Centre,Casual,5040
102821,15.5,2025-06-28 13:44:12,2025-06-28 13:59:42,Union Station,Kensington Market,Annual Member,5041
102822,20.4,2025-06-28 13:05:12,2025-06-28 13:25:36,Harbourfront Centre,Bloor-Yonge,Casual,5042
102823,21.0,2025-06-28 13:07:48,2025-06-28 13:28:48,Kensington Market,High Park,Annual Member,5043
102824,22.8,2025-06-28 13:00:12,2025-06-28 13:23:00,Bloor-Yonge,Riverdale Park,Casual,5044
102825,22.6,2025-06-28 13:01:39,2025-06-28 13:24:15,High Park,Union Station,Annual Member,5045
102826,13.3,2025-06-28 14:27:58,2025-06-28 14:41:16,Riverdale Park,Harbourfront Centre,Annual Member,5046
102827,17.6,2025-06-28 14:25:57,2025-06-28 14:43:33,Union Station,Kensington Market,Casual,5047
102828,17.4,2025-06-28 14:05:23,2025-06-28 14:22:47,Harbourfront Centre,Bloor-Yonge,Annual Member,5048
102829,40.1,2025-06-28 14:53:38,2025-06-28 15:33:44,Kensington Market,High Park,Casual,5049
102830,24.7,2025-06-28 14:22:30,2025-06-28 14:47:12,Bloor-Yonge,Riverdale Park,Annual Member,5050
102831,13.2,2025-06-28 14:45:43,2025-06-28 14:58:55,High Park,Union Station,Casual,5051
102832,23.3,2025-06-28 14:35:21,2025-06-28 14:58:39,Riverdale Park,Harbourfront Centre,Annual Member,5052
102833,26.2,2025-06-28 15:56:40,2025-06-28 16:22:52,Union Station,Kensington Market,Annual Member,5053
102834,103.1,2025-06-28 15:09:06,2025-06-28 16:52:12,Harbourfront Centre,Bloor-Yonge,Casual,5054
102835,24.8,2025-06-28 15:58:16,2025-06-28 16:23:04,Kensington Market,High Park,Annual Member,5055
102836,27.7,2025-06-28 15:57:41,2025-06-28 16:25:23,Bloor-Yonge,Riverdale Park,Casual,5056
102837,12.6,2025-06-28 15:42:47,2025-06-28 15:55:23,High Park,Union Station,Annual Member,5057
102838,32.3,2025-06-28 15:18:30,2025-06-28 15:50:48,Riverdale Park,Harbourfront Centre,Casual,5058
102839,31.0,2025-06-28 15:22:33,2025-06-28 15:53:33,Union Station,Kensington Market,Annual Member,5059
102840,16.7,2025-06-28 16:27:04,2025-06-28 16:43:46,Harbourfront Centre,Bloor-Yonge,Annual Member,5060
102841,31.4,2025-06-28 16:17:45,2025-06-28 16:49:09,Kensington Market,High Park,Casual,5061
102842,42.1,2025-06-28 16:30:52,2025-06-28 17:12:58,Bloor-Yonge,Riverdale Park,Annual Member,5062
102843,30.0,2025-06-28 16:48:06,2025-06-28 17:18:06,High Park,Union Station,Casual,5063
102844,15.2,2025-06-28 16:12:56,2025-06-28 16:28:08,Riverdale Park,Harbourfront Centre,Annual Member,5064
102845,26.2,2025-06-28 16:58:14,2025-06-28 17:24:26,Union Station,Kensington Market,Casual,5065
102846,17.1,2025-06-28 16:37:01,2025-06-28 16:54:07,Harbourfront Centre,Bloor-Yonge,Annual Member,5066
102847,14.5,2025-06-28 16:21:53,2025-06-28 16:36:23,Kensington Market,High Park,Casual,5067
102848,33.4,2025-06-28 16:35:13,2025-06-28 17:08:37,Bloor-Yonge,Riverdale Park,Annual Member,5068
102849,29.6,2025-06-28 17:11:56,2025-06-28 17:41:32,Kensington Market,High Park,Annual Member,5069
102850,27.7,2025-06-28 17:24:29,2025-06-28 17:52:11,Bloor-Yonge,Riverdale Park,Casual,5070
102851,19.2,2025-06-28 17:07:43,2025-06-28 17:26:55,High Park,Union Station,Annual Member,5071
102852,27.8,2025-06-28 17:32:32,2025-06-28 18:00:20,Riverdale Park,Harbourfront Centre,Casual,5072
102853,38.3,2025-06-28 17:40:54,2025-06-28 18:19:12,Union Station,Kensington Market,Annual Member,5073
102854,20.2,2025-06-28 17:40:13,2025-06-28 18:00:25,Harbourfront Centre,Bloor-Yonge,Casual,5074
102855,19.8,2025-06-28 17:01:43,2025-06-28 17:21:31,Kensington Market,High Park,Annual Member,5075
102856,24.7,2025-06-28 17:25:26,2025-06-28 17:50:08,Bloor-Yonge,Riverdale Park,Casual,5076
102857,15.8,2025-06-28 17:21:13,2025-06-28 17:37:01,High Park,Union Station,Annual Member,5077
102858,17.6,2025-06-28 17:59:41,2025-06-28 18:17:17,Riverdale Park,Harbourfront Centre,Casual,5078
102859,18.9,2025-06-28 17:33:00,2025-06-28 17:51:54,Union Station,Kensington Market,Annual Member,5079
102860,38.0,2025-06-28 17:58:52,2025-06-28 18:36:52,Harbourfront Centre,Bloor-Yonge,Casual,5080
102861,27.2,2025-06-28 18:59:40,2025-06-28 19:26:52,Bloor-Yonge,Riverdale Park,Annual Member,5081
102862,41.5,2025-06-28 18:26:54,2025-06-28 19:08:24,High Park,Union Station,Casual,5082
102863,27.5,2025-06-28 18:45:15,2025-06-28 19:12:45,Riverdale Park,Harbourfront Centre,Annual Member,5083
102864,39.7,2025-06-28 18:45:16,2025-06-28 19:24:58,Union Station,Kensington Market,Casual,5084
102865,23.2,2025-06-28 18:39:14,2025-06-28 19:02:26,Harbourfront Centre,Bloor-Yonge,Annual Member,5085
102866,60.3,2025-06-28 18:07:15,2025-06-28 19:07:33,Kensington Market,High Park,Casual,5086
102867,15.6,2025-06-28 18:16:46,2025-06-28 18:32:22,Bloor-Yonge,Riverdale Park,Annual Member,5087
102868,37.8,2025-06-28 18:32:58,2025-06-28 19:10:46,High Park,Union Station,Casual,5088
102869,24.1,2025-06-28 18:19:25,2025-06-28 18:43:31,Riverdale Park,Harbourfront Centre,Annual Member,5089
102870,14.5,2025-06-28 19:58:52,2025-06-28 20:13:22,High Park,Union Station,Annual Member,5090
102871,57.8,2025-06-28 19:58:58,2025-06-28 20:56:46,Riverdale Park,Harbourfront Centre,Casual,5091
102872,17.5,2025-06-28 19:15:19,2025-06-28 19:32:49,Union Station,Kensington Market,Annual Member,5092
102873,10.2,2025-06-28 19:51:51,2025-06-28 20:02:03,Harbourfront Centre,Bloor-Yonge,Casual,5093
102874,18.5,2025-06-28 19:17:06,2025-06-28 19:35:36,Kensington Market,High Park,Annual Member,5094
102875,16.0,2025-06-28 19:56:14,2025-06-28 20:12:14,Bloor-Yonge,Riverdale Park,Casual,5095
102876,15.2,2025-06-28 20:03:30,2025-06-28 20:18:42,Riverdale Park,Harbourfront Centre,Annual Member,5096
102877,20.8,2025-06-28 20:06:54,2025-06-28 20:27:42,Union Station,Kensington Market,Casual,5097
102878,25.6,2025-06-28 21:22:26,2025-06-28 21:48:02,Union Station,Kensington Market,Annual Member,5098
102879,31.0,2025-06-28 21:22:31,2025-06-28 21:53:31,Harbourfront Centre,Bloor-Yonge,Casual,5099
102880,30.5,2025-06-28 22:59:36,2025-06-28 23:30:06,Harbourfront Centre,Bloor-Yonge,Annual Member,5100
102881,21.1,2025-06-28 22:59:45,2025-06-28 23:20:51,Kensington Market,High Park,Casual,5101
102882,31.1,2025-06-28 23:58:43,2025-06-29 00:29:49,Kensington Market,High Park,Annual Member,5102
102883,46.3,2025-06-28 23:17:11,2025-06-29 00:03:29,Bloor-Yonge,Riverdale Park,Casual,5103
